timestamp,machine_id,air_temp,process_temp,rotational_speed,torque,vibration,tool_wear,failure_type
2026-09-01 00:00:00,M01,26.49,35.48,1627.3,28.86,2.474,77.1,Normal
2026-09-01 00:10:00,M03,24.59,34.37,1793.8,33.69,2.097,24.7,Normal
2026-09-01 00:20:00,M03,26.94,35.75,1803.6,30.58,2.362,17.2,Normal
2026-09-01 00:30:00,M02,29.57,39.11,1894.5,34.52,3.072,22.6,Normal
2026-09-01 00:40:00,M03,24.3,31.46,1526.6,37.86,3.522,139.9,Normal
2026-09-01 00:50:00,M02,24.3,34.62,1918.5,48.37,2.956,12.4,Normal
2026-09-01 01:00:00,M02,29.74,39.74,1259.1,36.79,2.581,80.9,Normal
2026-09-01 01:10:00,M01,27.3,36.08,1674.0,24.14,3.698,180.8,Normal
2026-09-01 01:20:00,M03,23.59,34.58,1702.3,51.4,2.25,70.6,Normal
2026-09-01 01:30:00,M02,26.63,38.03,1926.7,31.63,3.325,183.2,Normal
2026-09-01 01:40:00,M02,23.61,31.2,1804.5,39.41,2.27,178.9,Normal
2026-09-01 01:50:00,M02,23.6,32.46,1518.9,44.47,2.845,59.0,Normal
2026-09-01 02:00:00,M03,25.73,34.57,1603.0,42.0,2.409,174.9,Normal
2026-09-01 02:10:00,M03,19.26,27.85,1839.7,50.94,2.455,179.5,Normal
2026-09-01 02:20:00,M03,19.83,31.07,1784.2,44.79,2.198,95.4,Normal
2026-09-01 02:30:00,M02,23.31,33.02,1684.2,31.39,3.576,50.5,Normal
2026-09-01 02:40:00,M03,21.96,31.56,1703.8,61.79,1.914,125.1,Normal
2026-09-01 02:50:00,M02,25.94,32.94,1939.2,41.94,1.908,221.1,Normal
2026-09-01 03:00:00,M03,22.28,33.23,1696.5,38.53,4.197,153.5,Normal
2026-09-01 03:10:00,M03,20.76,28.9,1782.4,49.64,3.282,41.5,Normal
2026-09-01 03:20:00,M02,29.4,39.49,2234.0,42.49,0.592,163.9,Normal
2026-09-01 03:30:00,M03,24.32,34.74,1515.3,43.99,2.048,102.5,Normal
2026-09-01 03:40:00,M02,25.2,37.24,1429.6,64.92,1.05,142.0,Normal
2026-09-01 03:50:00,M03,20.73,28.76,1956.7,37.25,1.739,176.2,Normal
2026-09-01 04:00:00,M03,23.37,28.84,1664.3,36.82,-0.011,123.6,Normal
2026-09-01 04:10:00,M03,25.33,35.61,1736.4,41.17,2.39,195.4,Normal
2026-09-01 04:20:00,M03,21.55,34.25,1643.8,50.72,1.586,173.3,Normal
2026-09-01 04:30:00,M01,26.13,37.99,1748.0,24.93,2.548,147.6,Normal
2026-09-01 04:40:00,M02,23.2,33.51,2119.7,20.34,1.2,36.2,Normal
2026-09-01 04:50:00,M01,24.12,33.39,1960.4,34.13,2.566,200.6,Normal
2026-09-01 05:00:00,M03,23.19,34.41,1972.4,23.66,2.168,224.6,Normal
2026-09-01 05:10:00,M03,30.56,39.1,1516.8,35.75,3.702,32.9,Normal
2026-09-01 05:20:00,M02,24.96,35.67,1569.8,45.02,3.629,117.2,Normal
2026-09-01 05:30:00,M02,21.83,32.59,1232.2,31.09,3.128,62.1,Normal
2026-09-01 05:40:00,M02,27.47,39.06,1638.1,25.73,2.239,181.1,Normal
2026-09-01 05:50:00,M02,21.34,35.48,1991.3,40.69,4.088,173.2,Normal
2026-09-01 06:00:00,M03,25.63,36.22,1903.4,48.63,1.258,33.8,Normal
2026-09-01 06:10:00,M02,19.12,28.36,1755.7,23.05,1.377,210.5,Normal
2026-09-01 06:20:00,M01,21.02,30.98,1795.5,48.2,2.433,43.4,Normal
2026-09-01 06:30:00,M02,25.59,32.94,1662.2,48.17,4.303,191.3,Normal
2026-09-01 06:40:00,M02,27.22,36.17,1841.0,49.54,2.338,109.7,Normal
2026-09-01 06:50:00,M01,25.51,34.9,1953.2,52.18,2.353,78.8,Normal
2026-09-01 07:00:00,M01,24.65,33.87,1476.8,62.02,1.346,38.0,Normal
2026-09-01 07:10:00,M01,24.1,34.33,1859.9,36.44,3.257,40.2,Normal
2026-09-01 07:20:00,M01,20.56,29.33,1986.5,41.1,3.263,158.9,Normal
2026-09-01 07:30:00,M02,22.84,34.52,1717.0,35.84,3.131,132.1,Normal
2026-09-01 07:40:00,M01,23.62,33.62,1940.1,40.02,1.997,29.3,Normal
2026-09-01 07:50:00,M03,28.17,38.16,2362.9,55.33,1.935,27.0,Normal
2026-09-01 08:00:00,M02,26.03,35.54,1779.1,26.55,1.466,17.4,Normal
2026-09-01 08:10:00,M03,19.71,29.94,1878.7,31.39,2.567,178.5,Normal
2026-09-01 08:20:00,M02,25.97,37.21,1652.4,53.77,1.636,170.9,Normal
2026-09-01 08:30:00,M02,23.84,32.54,1836.3,50.2,1.558,14.0,Normal
2026-09-01 08:40:00,M03,22.97,31.98,1892.1,36.37,2.161,134.5,Normal
2026-09-01 08:50:00,M01,26.84,36.38,1839.0,48.54,2.109,20.3,Normal
2026-09-01 09:00:00,M01,28.09,36.07,1596.1,43.41,2.07,216.9,Normal
2026-09-01 09:10:00,M03,27.79,36.56,1841.3,55.0,2.873,217.7,Normal
2026-09-01 09:20:00,M01,22.48,31.77,2092.4,40.75,2.563,167.6,Normal
2026-09-01 09:30:00,M02,24.07,35.38,1889.7,50.26,2.269,222.3,Normal
2026-09-01 09:40:00,M02,25.99,36.39,1992.4,66.42,2.646,194.7,Normal
2026-09-01 09:50:00,M02,27.93,38.22,1752.6,45.98,1.707,198.8,Normal
2026-09-01 10:00:00,M01,23.56,34.84,1950.0,40.49,2.584,136.7,Normal
2026-09-01 10:10:00,M01,24.44,34.24,1855.9,47.22,2.62,73.5,Normal
2026-09-01 10:20:00,M03,21.68,32.27,1609.8,36.35,1.298,52.3,Normal
2026-09-01 10:30:00,M02,21.41,31.26,1863.7,63.88,3.297,78.5,Normal
2026-09-01 10:40:00,M03,27.44,37.84,1601.7,41.8,1.795,150.8,Normal
2026-09-01 10:50:00,M01,29.07,38.19,1673.4,37.27,2.572,41.4,Normal
2026-09-01 11:00:00,M03,24.78,31.13,1837.9,31.64,3.432,62.1,Normal
2026-09-01 11:10:00,M01,28.01,37.81,1859.4,50.97,3.241,112.3,Normal
2026-09-01 11:20:00,M02,26.08,38.22,1562.2,48.67,2.527,55.9,Normal
2026-09-01 11:30:00,M02,23.06,34.45,2010.8,35.03,2.21,141.3,Normal
2026-09-01 11:40:00,M01,26.08,37.53,1914.4,45.76,3.258,221.6,Normal
2026-09-01 11:50:00,M01,29.61,41.47,1659.1,24.91,3.04,179.5,Normal
2026-09-01 12:00:00,M01,24.89,35.03,1492.5,41.85,2.005,159.9,Normal
2026-09-01 12:10:00,M02,29.69,39.99,1771.0,44.53,1.864,139.9,Normal
2026-09-01 12:20:00,M01,17.14,26.21,1710.8,57.07,0.842,117.1,Normal
2026-09-01 12:30:00,M02,27.47,36.99,1822.6,32.29,2.623,44.8,Normal
2026-09-01 12:40:00,M03,25.26,36.18,1727.4,27.22,2.434,214.7,Normal
2026-09-01 12:50:00,M02,24.1,35.91,1398.5,31.05,3.409,59.6,Normal
2026-09-01 13:00:00,M03,25.28,35.07,1722.3,26.63,2.787,21.9,Normal
2026-09-01 13:10:00,M02,19.04,28.36,1738.9,53.37,3.567,180.0,Normal
2026-09-01 13:20:00,M02,24.34,34.34,1926.7,55.49,1.942,42.1,Normal
2026-09-01 13:30:00,M01,26.07,36.97,1660.4,43.2,3.411,89.3,Normal
2026-09-01 13:40:00,M02,29.43,37.27,2135.7,52.21,2.077,6.8,Normal
2026-09-01 13:50:00,M01,23.45,42.0,1417.7,41.34,3.122,32.9,Heat_Dissipation
2026-09-01 14:00:00,M01,22.57,31.75,2062.2,39.05,1.333,41.6,Normal
2026-09-01 14:10:00,M01,23.49,31.66,1755.1,36.67,2.688,13.1,Normal
2026-09-01 14:20:00,M02,27.75,36.98,1971.9,36.9,0.912,157.6,Normal
2026-09-01 14:30:00,M01,25.99,35.76,1816.0,24.52,2.286,200.9,Normal
2026-09-01 14:40:00,M03,23.41,32.73,2027.9,42.64,2.852,89.6,Normal
2026-09-01 14:50:00,M03,26.54,38.72,1722.5,39.6,2.083,209.9,Normal
2026-09-01 15:00:00,M02,25.29,35.78,1580.3,47.45,1.66,51.2,Normal
2026-09-01 15:10:00,M01,27.91,38.36,2084.1,40.94,3.177,78.1,Normal
2026-09-01 15:20:00,M03,22.89,33.83,1777.3,38.37,2.417,36.2,Normal
2026-09-01 15:30:00,M02,24.02,32.31,1844.3,31.29,2.108,148.9,Normal
2026-09-01 15:40:00,M02,23.82,35.38,2047.0,40.72,2.534,100.8,Normal
2026-09-01 15:50:00,M02,20.61,30.5,1593.6,47.38,4.609,147.2,Normal
2026-09-01 16:00:00,M02,25.89,36.89,1919.1,28.57,3.423,182.8,Normal
2026-09-01 16:10:00,M02,25.78,34.18,1682.0,40.87,3.43,131.0,Normal
2026-09-01 16:20:00,M01,25.02,32.68,1773.6,42.33,2.848,150.6,Normal
2026-09-01 16:30:00,M01,24.3,35.52,1814.5,32.82,2.633,224.5,Normal
2026-09-01 16:40:00,M01,20.75,31.32,1500.0,34.12,0.583,71.8,Normal
2026-09-01 16:50:00,M01,23.74,32.38,1644.2,42.31,1.957,86.2,Normal
2026-09-01 17:00:00,M02,23.97,32.67,2070.2,28.67,2.116,172.2,Normal
2026-09-01 17:10:00,M02,22.59,34.28,1977.2,43.5,1.0,146.7,Normal
2026-09-01 17:20:00,M03,24.52,32.73,1787.5,31.05,1.574,42.8,Normal
2026-09-01 17:30:00,M03,26.21,38.68,1848.6,50.63,0.915,90.3,Normal
2026-09-01 17:40:00,M01,30.66,39.31,1741.2,63.38,2.469,112.3,Normal
2026-09-01 17:50:00,M02,25.52,36.48,2071.3,31.39,3.155,100.7,Normal
2026-09-01 18:00:00,M03,25.77,35.28,1759.9,45.34,3.385,42.8,Normal
2026-09-01 18:10:00,M03,24.78,35.68,1846.4,32.73,2.832,221.9,Normal
2026-09-01 18:20:00,M03,19.24,28.43,2029.2,50.41,1.729,183.0,Normal
2026-09-01 18:30:00,M03,24.92,34.68,1644.5,27.35,0.954,115.5,Normal
2026-09-01 18:40:00,M01,25.18,35.24,2111.8,44.81,1.095,163.2,Normal
2026-09-01 18:50:00,M02,32.39,52.89,1493.9,31.27,1.485,215.3,Heat_Dissipation
2026-09-01 19:00:00,M01,24.42,35.53,2125.9,37.93,1.789,32.7,Normal
2026-09-01 19:10:00,M03,25.9,35.13,1725.5,29.69,2.372,60.1,Normal
2026-09-01 19:20:00,M03,24.9,34.55,1751.5,48.22,1.689,130.2,Normal
2026-09-01 19:30:00,M02,21.49,30.0,1422.0,31.63,2.771,191.8,Normal
2026-09-01 19:40:00,M02,28.43,34.58,1709.0,45.52,2.314,8.7,Normal
2026-09-01 19:50:00,M01,27.26,36.97,1592.0,36.56,2.508,236.2,Normal
2026-09-01 20:00:00,M02,27.37,40.99,1678.5,38.86,3.412,109.2,Normal
2026-09-01 20:10:00,M01,22.27,33.45,1772.5,41.48,1.556,86.2,Normal
2026-09-01 20:20:00,M01,29.21,39.18,1991.6,32.38,2.835,70.3,Normal
2026-09-01 20:30:00,M03,20.79,30.4,1841.5,42.1,2.489,41.8,Normal
2026-09-01 20:40:00,M01,26.76,36.79,1861.5,55.3,2.233,190.0,Normal
2026-09-01 20:50:00,M03,31.57,42.39,1580.9,32.22,3.208,229.3,Normal
2026-09-01 21:00:00,M01,22.03,30.26,1623.8,51.72,3.203,99.3,Normal
2026-09-01 21:10:00,M01,23.3,34.97,2159.7,54.98,1.743,228.6,Normal
2026-09-01 21:20:00,M02,25.3,36.37,1653.0,31.84,2.354,197.7,Normal
2026-09-01 21:30:00,M02,23.49,34.57,2131.2,25.45,2.725,115.5,Normal
2026-09-01 21:40:00,M03,20.35,31.01,1751.4,43.02,2.282,161.8,Normal
2026-09-01 21:50:00,M02,25.21,35.24,1800.5,34.53,2.968,104.4,Normal
2026-09-01 22:00:00,M01,21.81,32.82,2014.1,58.69,2.725,134.1,Normal
2026-09-01 22:10:00,M03,26.42,37.31,2054.4,40.35,3.966,13.9,Normal
2026-09-01 22:20:00,M03,22.24,31.71,1777.8,31.98,1.276,167.1,Normal
2026-09-01 22:30:00,M03,29.65,38.79,1722.4,28.53,2.402,12.7,Normal
2026-09-01 22:40:00,M01,22.65,32.8,1788.8,50.9,1.773,196.1,Normal
2026-09-01 22:50:00,M02,24.03,36.36,1867.6,34.29,2.983,198.0,Normal
2026-09-01 23:00:00,M03,27.44,35.58,1978.3,40.44,1.206,56.9,Normal
2026-09-01 23:10:00,M01,21.31,29.11,1800.8,49.56,2.777,77.7,Normal
2026-09-01 23:20:00,M02,25.68,35.93,1923.8,35.16,1.996,115.5,Normal
2026-09-01 23:30:00,M02,28.92,39.0,2127.7,39.54,1.913,143.2,Normal
2026-09-01 23:40:00,M03,20.18,30.44,1876.3,39.83,1.343,69.0,Normal
2026-09-01 23:50:00,M01,25.55,35.92,1862.3,46.83,2.128,142.2,Normal
2026-09-02 00:00:00,M02,25.78,35.44,1496.2,45.91,3.368,71.5,Normal
2026-09-02 00:10:00,M01,27.35,39.58,1273.9,37.8,2.48,13.3,Normal
2026-09-02 00:20:00,M02,21.29,28.89,1877.7,40.64,3.002,0.6,Normal
2026-09-02 00:30:00,M03,21.04,29.8,1781.0,36.28,3.832,24.3,Normal
2026-09-02 00:40:00,M03,26.57,36.41,1697.0,25.22,2.711,190.1,Normal
2026-09-02 00:50:00,M02,25.89,33.43,1848.7,42.58,2.053,230.7,Normal
2026-09-02 01:00:00,M01,25.75,35.49,1787.9,58.92,2.874,102.5,Normal
2026-09-02 01:10:00,M02,26.04,38.53,2025.6,31.16,2.065,123.0,Normal
2026-09-02 01:20:00,M01,22.96,32.99,1817.2,32.27,2.096,35.2,Normal
2026-09-02 01:30:00,M02,25.7,36.04,1650.6,31.29,1.284,132.2,Normal
2026-09-02 01:40:00,M03,25.88,33.99,1998.0,47.25,3.241,34.7,Normal
2026-09-02 01:50:00,M01,22.86,31.93,1756.6,44.48,2.191,146.7,Normal
2026-09-02 02:00:00,M03,30.6,40.03,1905.3,38.41,2.646,224.0,Normal
2026-09-02 02:10:00,M01,26.42,35.94,1704.5,30.82,1.671,47.0,Normal
2026-09-02 02:20:00,M02,21.43,33.35,1670.0,40.92,2.849,183.5,Normal
2026-09-02 02:30:00,M03,26.97,37.81,1816.8,24.35,1.89,5.6,Normal
2026-09-02 02:40:00,M03,22.08,30.41,1802.6,41.43,2.387,90.1,Normal
2026-09-02 02:50:00,M01,27.36,37.73,1896.0,48.72,3.202,26.6,Normal
2026-09-02 03:00:00,M01,28.48,39.22,1746.3,27.49,3.133,84.6,Normal
2026-09-02 03:10:00,M01,22.54,34.25,1432.7,24.67,2.482,41.6,Normal
2026-09-02 03:20:00,M03,27.89,40.26,1713.4,55.79,1.085,89.6,Normal
2026-09-02 03:30:00,M02,26.24,34.72,1958.8,33.88,4.894,100.2,Normal
2026-09-02 03:40:00,M01,27.47,36.25,1740.5,51.36,3.897,72.1,Normal
2026-09-02 03:50:00,M02,30.69,38.8,1750.7,38.46,3.078,157.6,Normal
2026-09-02 04:00:00,M01,24.26,33.91,1997.3,38.38,1.897,220.5,Normal
2026-09-02 04:10:00,M02,22.74,33.44,1657.6,44.38,2.409,96.1,Normal
2026-09-02 04:20:00,M01,22.33,33.81,1491.4,31.16,2.065,46.2,Normal
2026-09-02 04:30:00,M02,22.55,32.44,1767.9,41.32,3.511,65.0,Normal
2026-09-02 04:40:00,M03,24.77,34.29,1703.2,36.19,2.71,205.0,Normal
2026-09-02 04:50:00,M01,26.02,36.25,1606.8,26.8,1.873,137.2,Normal
2026-09-02 05:00:00,M01,25.83,34.58,1764.9,43.37,2.123,109.2,Normal
2026-09-02 05:10:00,M03,27.48,40.62,1898.3,37.37,3.397,35.9,Normal
2026-09-02 05:20:00,M01,25.04,32.63,1798.1,38.43,3.78,107.9,Normal
2026-09-02 05:30:00,M01,29.36,39.64,1861.4,27.9,3.723,66.8,Normal
2026-09-02 05:40:00,M03,24.21,37.24,2162.7,55.91,3.106,226.4,Normal
2026-09-02 05:50:00,M03,33.16,43.17,1731.4,48.77,2.298,212.2,Normal
2026-09-02 06:00:00,M02,26.88,36.59,1855.7,49.64,-0.093,20.1,Normal
2026-09-02 06:10:00,M03,22.43,31.89,1698.2,36.95,2.738,124.0,Normal
2026-09-02 06:20:00,M03,21.79,31.52,1630.7,22.71,2.499,54.0,Normal
2026-09-02 06:30:00,M01,26.45,38.51,1683.0,59.53,2.612,98.6,Normal
2026-09-02 06:40:00,M03,24.33,31.01,1704.2,39.39,2.543,210.4,Normal
2026-09-02 06:50:00,M01,27.14,39.44,1871.9,32.51,1.439,126.6,Normal
2026-09-02 07:00:00,M03,26.42,34.28,2269.8,44.17,2.946,80.2,Normal
2026-09-02 07:10:00,M03,24.78,34.38,1656.8,51.67,3.006,49.9,Normal
2026-09-02 07:20:00,M02,22.46,31.82,1716.7,39.77,3.046,192.1,Normal
2026-09-02 07:30:00,M03,20.46,31.34,1787.4,52.79,3.257,149.9,Normal
2026-09-02 07:40:00,M03,23.66,31.26,1879.2,50.83,2.983,112.3,Normal
2026-09-02 07:50:00,M01,27.57,38.26,1852.7,29.24,2.172,52.2,Normal
2026-09-02 08:00:00,M01,25.64,38.68,2056.8,33.26,2.443,80.2,Normal
2026-09-02 08:10:00,M02,21.26,41.22,1314.7,49.58,2.573,230.4,Heat_Dissipation
2026-09-02 08:20:00,M03,25.52,35.8,1322.6,12.87,2.586,124.8,Normal
2026-09-02 08:30:00,M01,26.16,35.16,1700.8,38.51,3.299,96.2,Normal
2026-09-02 08:40:00,M03,22.35,32.99,2019.5,25.69,3.015,125.1,Normal
2026-09-02 08:50:00,M02,25.46,35.49,1486.9,35.23,4.162,187.0,Normal
2026-09-02 09:00:00,M01,25.17,34.21,1198.5,37.01,4.265,81.6,Normal
2026-09-02 09:10:00,M01,21.57,32.3,1914.2,36.42,2.564,42.9,Normal
2026-09-02 09:20:00,M02,26.07,38.78,1848.7,34.48,-0.569,140.4,Normal
2026-09-02 09:30:00,M03,26.68,36.4,1582.0,29.03,3.489,159.6,Normal
2026-09-02 09:40:00,M01,28.25,39.33,1602.9,62.92,2.068,171.1,Normal
2026-09-02 09:50:00,M01,28.16,36.22,1606.1,58.67,1.859,211.7,Normal
2026-09-02 10:00:00,M02,20.87,29.43,1822.1,28.38,2.181,89.1,Normal
2026-09-02 10:10:00,M02,22.19,32.9,1674.7,55.82,2.143,18.1,Normal
2026-09-02 10:20:00,M02,26.55,38.77,1898.8,36.01,2.99,230.0,Normal
2026-09-02 10:30:00,M03,26.54,37.07,1229.1,41.29,1.252,104.4,Normal
2026-09-02 10:40:00,M03,26.55,36.08,1628.6,39.37,1.638,149.6,Normal
2026-09-02 10:50:00,M03,36.56,46.56,1574.8,33.4,2.775,159.9,Normal
2026-09-02 11:00:00,M02,26.71,34.84,1748.7,49.84,2.998,131.2,Normal
2026-09-02 11:10:00,M01,28.41,39.31,1692.4,41.26,3.013,49.3,Normal
2026-09-02 11:20:00,M03,27.86,39.19,1959.6,35.23,1.87,181.2,Normal
2026-09-02 11:30:00,M02,26.95,36.28,1428.1,26.95,1.717,192.9,Normal
2026-09-02 11:40:00,M03,24.05,33.35,1809.1,31.06,2.095,132.7,Normal
2026-09-02 11:50:00,M01,27.28,37.68,1911.7,23.59,2.692,117.3,Normal
2026-09-02 12:00:00,M01,22.68,32.03,2171.3,40.12,3.688,27.3,Normal
2026-09-02 12:10:00,M02,24.29,34.19,1703.6,28.03,0.862,20.1,Normal
2026-09-02 12:20:00,M01,23.54,36.69,1864.9,37.34,2.323,81.5,Normal
2026-09-02 12:30:00,M02,25.25,34.88,1439.2,53.7,1.434,74.6,Normal
2026-09-02 12:40:00,M02,31.94,41.41,1321.6,51.99,1.178,228.9,Normal
2026-09-02 12:50:00,M02,19.4,28.43,1969.0,39.68,3.274,188.1,Normal
2026-09-02 13:00:00,M02,27.06,38.18,1798.9,39.13,2.936,158.4,Normal
2026-09-02 13:10:00,M01,20.16,29.89,2035.7,58.8,2.86,124.2,Normal
2026-09-02 13:20:00,M01,23.58,32.61,1525.3,45.21,3.237,40.2,Normal
2026-09-02 13:30:00,M01,28.27,40.25,1904.0,36.72,2.116,234.8,Normal
2026-09-02 13:40:00,M01,25.19,37.32,2173.8,25.74,2.154,90.0,Normal
2026-09-02 13:50:00,M02,21.77,30.87,1883.9,43.94,4.249,25.7,Normal
2026-09-02 14:00:00,M02,22.85,30.05,1855.3,48.29,2.303,118.5,Normal
2026-09-02 14:10:00,M01,27.04,38.55,1801.7,33.68,3.088,209.8,Normal
2026-09-02 14:20:00,M03,22.81,31.78,1485.8,42.91,2.505,212.9,Normal
2026-09-02 14:30:00,M03,25.65,36.84,2071.1,36.36,1.021,2.6,Normal
2026-09-02 14:40:00,M03,25.14,32.18,1677.8,38.16,0.864,212.7,Normal
2026-09-02 14:50:00,M01,23.05,34.38,1900.9,15.12,2.037,65.2,Normal
2026-09-02 15:00:00,M02,31.43,51.62,1487.4,37.78,3.345,9.4,Heat_Dissipation
2026-09-02 15:10:00,M02,26.9,38.0,1564.1,49.69,3.131,203.5,Normal
2026-09-02 15:20:00,M03,18.92,28.95,2087.0,33.69,3.231,207.3,Normal
2026-09-02 15:30:00,M03,25.56,34.13,1730.5,40.53,1.71,143.1,Normal
2026-09-02 15:40:00,M02,23.01,32.4,2090.7,32.44,3.793,137.9,Normal
2026-09-02 15:50:00,M03,27.56,38.59,1784.4,43.6,1.728,195.1,Normal
2026-09-02 16:00:00,M03,22.62,32.78,1431.6,37.83,2.67,188.7,Normal
2026-09-02 16:10:00,M02,24.66,35.53,1978.4,30.61,2.492,213.6,Normal
2026-09-02 16:20:00,M03,26.51,39.48,1682.0,53.33,2.361,132.7,Normal
2026-09-02 16:30:00,M03,27.6,35.25,1939.7,49.29,3.571,232.2,Normal
2026-09-02 16:40:00,M01,21.4,33.82,1805.0,33.95,1.936,239.1,Normal
2026-09-02 16:50:00,M03,24.0,34.15,1491.4,44.98,1.42,28.0,Normal
2026-09-02 17:00:00,M01,23.58,32.23,1832.9,45.37,2.516,203.9,Normal
2026-09-02 17:10:00,M02,23.04,31.04,2239.2,46.42,2.18,120.0,Normal
2026-09-02 17:20:00,M01,30.3,40.01,1898.6,23.06,5.202,93.0,Normal
2026-09-02 17:30:00,M02,26.21,37.6,1788.5,50.07,3.041,147.1,Normal
2026-09-02 17:40:00,M01,21.22,31.03,2015.1,34.3,2.173,13.4,Normal
2026-09-02 17:50:00,M01,27.75,40.02,1842.1,36.42,1.655,121.6,Normal
2026-09-02 18:00:00,M01,31.37,39.19,1841.9,66.38,0.996,209.0,Normal
2026-09-02 18:10:00,M03,28.1,38.08,1581.7,43.02,1.68,51.2,Normal
2026-09-02 18:20:00,M03,20.44,28.56,1846.8,36.14,2.592,102.3,Normal
2026-09-02 18:30:00,M03,23.55,34.09,2007.1,17.95,3.642,225.5,Normal
2026-09-02 18:40:00,M03,28.8,40.13,1632.8,53.9,3.397,102.9,Normal
2026-09-02 18:50:00,M03,22.88,32.25,2084.9,26.55,2.683,86.0,Normal
2026-09-02 19:00:00,M01,26.33,32.43,1781.7,29.97,2.241,105.7,Normal
2026-09-02 19:10:00,M03,27.32,37.62,1622.4,36.69,2.715,124.7,Normal
2026-09-02 19:20:00,M02,22.22,32.87,1999.5,54.16,2.085,151.7,Normal
2026-09-02 19:30:00,M01,24.82,35.43,1742.6,47.73,3.875,192.2,Normal
2026-09-02 19:40:00,M01,15.28,27.13,1951.9,38.42,2.349,108.5,Normal
2026-09-02 19:50:00,M02,21.93,30.32,1741.6,43.08,2.431,196.2,Normal
2026-09-02 20:00:00,M03,24.24,35.26,1788.0,34.0,0.727,128.1,Normal
2026-09-02 20:10:00,M02,21.26,33.05,1898.7,41.4,2.344,81.2,Normal
2026-09-02 20:20:00,M01,29.9,37.23,1858.2,40.73,3.169,157.9,Normal
2026-09-02 20:30:00,M01,20.71,31.19,1400.9,49.69,1.646,172.3,Normal
2026-09-02 20:40:00,M01,23.68,32.92,1575.8,49.67,1.899,133.9,Normal
2026-09-02 20:50:00,M02,25.39,35.27,1985.9,44.94,3.134,13.6,Normal
2026-09-02 21:00:00,M03,29.32,39.85,1773.6,36.38,1.319,40.8,Normal
2026-09-02 21:10:00,M01,20.69,29.96,1695.3,47.42,3.346,68.5,Normal
2026-09-02 21:20:00,M03,28.49,37.48,1528.3,39.08,2.074,67.8,Normal
2026-09-02 21:30:00,M01,25.03,35.08,1584.1,29.18,2.189,161.6,Normal
2026-09-02 21:40:00,M03,22.06,42.42,1395.6,35.97,1.601,4.4,Heat_Dissipation
2026-09-02 21:50:00,M02,26.39,34.76,1779.7,40.85,2.802,181.4,Normal
2026-09-02 22:00:00,M01,25.6,36.62,1680.3,49.1,4.468,63.7,Normal
2026-09-02 22:10:00,M01,23.2,31.48,1606.7,38.16,3.125,74.4,Normal
2026-09-02 22:20:00,M01,25.21,36.21,1786.4,27.91,1.809,126.7,Normal
2026-09-02 22:30:00,M02,23.84,34.54,1872.8,40.57,3.408,51.8,Normal
2026-09-02 22:40:00,M02,25.34,32.75,2218.6,41.13,2.247,212.3,Normal
2026-09-02 22:50:00,M03,26.99,35.97,1497.6,41.86,3.6,20.5,Normal
2026-09-02 23:00:00,M02,29.76,41.55,2031.9,49.2,3.145,106.7,Normal
2026-09-02 23:10:00,M01,21.29,29.81,1994.6,50.19,0.145,203.9,Normal
2026-09-02 23:20:00,M03,31.4,40.7,1644.2,34.06,1.697,147.8,Normal
2026-09-02 23:30:00,M02,19.14,29.84,1840.6,33.84,3.256,70.2,Normal
2026-09-02 23:40:00,M03,24.54,35.72,1708.5,29.6,2.621,101.0,Normal
2026-09-02 23:50:00,M03,26.76,36.39,1837.1,46.99,1.681,169.6,Normal
2026-09-03 00:00:00,M03,25.84,34.95,2101.8,54.49,1.993,233.6,Normal
2026-09-03 00:10:00,M01,23.13,35.27,1921.1,36.85,0.975,214.4,Normal
2026-09-03 00:20:00,M01,24.38,36.98,1901.7,37.59,2.429,82.2,Normal
2026-09-03 00:30:00,M02,23.52,34.99,1713.9,54.67,8.215,239.6,Tool_Wear
2026-09-03 00:40:00,M01,23.23,33.36,1503.2,45.06,3.144,0.8,Normal
2026-09-03 00:50:00,M03,27.55,36.34,1758.3,44.36,4.252,6.6,Normal
2026-09-03 01:00:00,M03,26.07,34.83,2041.3,28.09,3.206,197.7,Normal
2026-09-03 01:10:00,M01,22.92,33.71,1494.6,46.79,3.322,47.9,Normal
2026-09-03 01:20:00,M03,27.7,38.33,1589.0,30.71,4.079,14.6,Normal
2026-09-03 01:30:00,M01,25.92,38.02,1825.3,28.66,2.802,56.9,Normal
2026-09-03 01:40:00,M03,27.44,38.41,1603.1,36.53,2.35,102.3,Normal
2026-09-03 01:50:00,M02,26.89,34.63,1641.5,34.14,3.326,175.3,Normal
2026-09-03 02:00:00,M02,22.51,34.09,1715.3,37.78,3.663,149.8,Normal
2026-09-03 02:10:00,M01,23.32,31.82,1526.9,25.59,2.116,57.0,Normal
2026-09-03 02:20:00,M01,27.24,36.67,1605.2,49.59,1.923,120.8,Normal
2026-09-03 02:30:00,M01,26.83,37.21,1940.7,51.28,2.611,222.3,Normal
2026-09-03 02:40:00,M01,24.94,37.93,1538.5,20.53,3.165,195.6,Normal
2026-09-03 02:50:00,M01,25.35,40.02,1480.4,49.78,3.138,77.6,Normal
2026-09-03 03:00:00,M03,28.83,39.74,1674.0,31.89,1.361,235.7,Normal
2026-09-03 03:10:00,M02,23.23,32.95,1946.4,48.57,4.029,170.1,Normal
2026-09-03 03:20:00,M03,26.64,37.44,1760.6,39.32,1.987,15.0,Normal
2026-09-03 03:30:00,M02,24.39,35.72,1707.1,40.29,2.288,8.4,Normal
2026-09-03 03:40:00,M03,24.35,33.87,1808.9,38.15,1.778,40.4,Normal
2026-09-03 03:50:00,M03,28.3,40.99,1450.9,52.12,4.659,174.7,Normal
2026-09-03 04:00:00,M03,27.48,37.82,1898.9,27.6,2.694,44.1,Normal
2026-09-03 04:10:00,M01,27.44,38.19,1876.7,46.08,1.819,122.8,Normal
2026-09-03 04:20:00,M02,28.92,39.92,1718.1,51.01,3.191,22.4,Normal
2026-09-03 04:30:00,M01,25.06,35.7,2001.2,47.16,3.115,221.0,Normal
2026-09-03 04:40:00,M01,27.05,38.3,1574.5,63.25,2.35,82.6,Normal
2026-09-03 04:50:00,M03,24.07,33.14,2025.6,34.71,3.172,218.0,Normal
2026-09-03 05:00:00,M02,25.97,35.14,1830.9,49.57,1.84,226.8,Normal
2026-09-03 05:10:00,M02,24.61,32.96,1732.7,38.94,2.106,1.5,Normal
2026-09-03 05:20:00,M02,25.29,35.95,1796.0,52.33,0.892,111.4,Normal
2026-09-03 05:30:00,M02,26.79,37.95,1778.5,39.92,1.441,5.9,Normal
2026-09-03 05:40:00,M01,22.55,33.23,2044.1,36.12,3.946,218.1,Normal
2026-09-03 05:50:00,M01,31.28,43.79,1584.7,53.06,3.813,124.4,Normal
2026-09-03 06:00:00,M02,21.98,31.97,1647.5,35.08,2.553,18.0,Normal
2026-09-03 06:10:00,M01,21.36,32.36,2007.3,25.87,3.83,26.5,Normal
2026-09-03 06:20:00,M02,28.47,36.84,1680.9,34.83,2.372,92.0,Normal
2026-09-03 06:30:00,M01,27.37,36.79,1980.1,46.19,2.305,225.7,Normal
2026-09-03 06:40:00,M03,26.87,37.92,2139.9,53.92,2.545,166.3,Normal
2026-09-03 06:50:00,M03,26.89,38.16,1719.6,41.11,2.4,208.2,Normal
2026-09-03 07:00:00,M02,24.96,34.52,1936.3,53.18,2.328,87.9,Normal
2026-09-03 07:10:00,M02,22.31,32.2,1569.3,26.42,3.415,10.4,Normal
2026-09-03 07:20:00,M01,25.23,32.95,1950.9,35.57,2.62,233.8,Normal
2026-09-03 07:30:00,M02,22.97,32.43,1839.9,37.11,3.07,4.1,Normal
2026-09-03 07:40:00,M02,27.93,39.26,1894.6,38.85,3.325,227.4,Normal
2026-09-03 07:50:00,M01,24.56,35.42,1670.9,40.84,2.811,88.5,Normal
2026-09-03 08:00:00,M02,22.52,33.27,1467.8,46.91,1.724,2.4,Normal
2026-09-03 08:10:00,M02,24.04,34.11,1900.7,35.55,1.418,165.4,Normal
2026-09-03 08:20:00,M03,26.24,36.25,1387.3,41.39,2.619,235.3,Normal
2026-09-03 08:30:00,M03,23.31,32.32,1736.5,39.55,2.363,231.8,Normal
2026-09-03 08:40:00,M03,22.53,33.58,1988.2,30.74,2.57,38.6,Normal
2026-09-03 08:50:00,M02,25.73,36.36,1838.4,38.86,2.487,43.5,Normal
2026-09-03 09:00:00,M01,25.73,36.47,2189.7,38.56,4.567,135.7,Normal
2026-09-03 09:10:00,M03,23.48,32.69,2005.0,38.35,1.436,153.0,Normal
2026-09-03 09:20:00,M02,23.59,30.36,1669.2,40.32,0.908,177.5,Normal
2026-09-03 09:30:00,M03,25.7,37.34,1805.5,40.76,2.766,43.5,Normal
2026-09-03 09:40:00,M01,20.66,29.94,1790.5,35.68,2.199,230.2,Normal
2026-09-03 09:50:00,M01,20.78,29.48,1483.6,52.73,2.753,153.3,Normal
2026-09-03 10:00:00,M01,22.84,33.88,1611.9,28.31,2.967,203.3,Normal
2026-09-03 10:10:00,M01,24.36,33.77,1687.8,32.79,3.527,129.6,Normal
2026-09-03 10:20:00,M01,25.93,37.52,1392.8,67.8,1.294,99.4,Normal
2026-09-03 10:30:00,M01,29.43,40.35,1809.5,29.62,2.055,234.5,Normal
2026-09-03 10:40:00,M02,27.57,38.6,1750.2,26.46,2.843,139.7,Normal
2026-09-03 10:50:00,M03,24.52,44.47,1465.4,47.34,3.116,208.0,Heat_Dissipation
2026-09-03 11:00:00,M01,24.94,36.76,1880.8,19.23,7.425,228.8,Tool_Wear
2026-09-03 11:10:00,M03,21.99,32.38,1943.2,37.65,3.265,162.1,Normal
2026-09-03 11:20:00,M03,24.94,34.39,1845.4,61.46,2.455,131.7,Normal
2026-09-03 11:30:00,M02,24.13,34.35,1735.2,24.55,1.788,0.8,Normal
2026-09-03 11:40:00,M01,25.97,33.3,1918.3,20.18,2.049,9.6,Normal
2026-09-03 11:50:00,M01,22.52,33.13,1936.0,25.01,2.026,48.2,Normal
2026-09-03 12:00:00,M02,26.56,35.01,1861.5,48.98,3.024,44.6,Normal
2026-09-03 12:10:00,M02,29.6,37.57,1635.1,51.25,2.706,61.1,Normal
2026-09-03 12:20:00,M02,24.67,32.39,1855.3,34.87,1.441,73.2,Normal
2026-09-03 12:30:00,M02,26.21,37.87,2039.1,46.83,2.151,86.4,Normal
2026-09-03 12:40:00,M02,27.07,36.13,1680.7,53.9,3.202,100.9,Normal
2026-09-03 12:50:00,M03,23.8,36.1,2219.6,57.87,2.781,23.7,Normal
2026-09-03 13:00:00,M02,25.67,34.87,1694.9,37.54,2.955,10.2,Normal
2026-09-03 13:10:00,M01,25.04,32.48,1806.5,16.99,2.806,161.7,Normal
2026-09-03 13:20:00,M01,25.29,33.62,1665.5,31.79,3.801,129.0,Normal
2026-09-03 13:30:00,M02,22.68,34.53,1844.7,35.73,2.689,106.6,Normal
2026-09-03 13:40:00,M02,25.07,34.84,1451.6,37.41,2.191,152.3,Normal
2026-09-03 13:50:00,M02,26.49,35.67,1690.8,38.12,1.767,198.6,Normal
2026-09-03 14:00:00,M02,29.35,39.59,1581.6,51.19,2.7,102.6,Normal
2026-09-03 14:10:00,M02,27.88,38.63,1827.1,52.74,0.547,153.9,Normal
2026-09-03 14:20:00,M01,31.46,43.14,1998.9,38.28,2.353,228.9,Normal
2026-09-03 14:30:00,M03,22.7,34.87,1929.2,50.98,2.335,201.5,Normal
2026-09-03 14:40:00,M02,27.62,37.08,1325.7,43.58,1.408,102.2,Normal
2026-09-03 14:50:00,M02,25.55,33.56,2208.4,40.65,1.757,154.7,Normal
2026-09-03 15:00:00,M02,31.57,40.95,1859.1,49.07,3.148,42.5,Normal
2026-09-03 15:10:00,M01,22.58,32.97,1644.7,40.72,2.685,134.5,Normal
2026-09-03 15:20:00,M01,22.48,31.04,1831.4,60.58,2.581,235.5,Normal
2026-09-03 15:30:00,M03,23.2,31.77,1835.2,25.62,2.745,124.4,Normal
2026-09-03 15:40:00,M03,18.63,29.14,1666.6,34.85,2.574,222.6,Normal
2026-09-03 15:50:00,M03,23.42,33.35,1839.6,38.73,3.494,97.8,Normal
2026-09-03 16:00:00,M03,22.72,32.77,1678.5,44.39,2.599,239.7,Normal
2026-09-03 16:10:00,M01,25.45,34.31,1719.1,52.68,1.333,139.0,Normal
2026-09-03 16:20:00,M03,26.03,35.68,1662.7,39.76,3.804,10.1,Normal
2026-09-03 16:30:00,M02,30.63,39.24,1513.5,25.78,2.796,140.8,Normal
2026-09-03 16:40:00,M01,27.85,39.19,1829.2,48.43,2.029,65.9,Normal
2026-09-03 16:50:00,M01,23.27,34.82,1917.1,47.55,1.497,7.8,Normal
2026-09-03 17:00:00,M01,22.3,29.54,1903.0,20.58,2.817,197.0,Normal
2026-09-03 17:10:00,M02,26.48,35.08,1964.0,39.96,2.406,66.2,Normal
2026-09-03 17:20:00,M01,21.04,28.79,1864.9,24.1,3.759,191.2,Normal
2026-09-03 17:30:00,M02,30.49,39.52,1693.5,33.35,2.223,69.2,Normal
2026-09-03 17:40:00,M03,28.54,38.41,1967.9,30.97,1.83,46.6,Normal
2026-09-03 17:50:00,M01,23.59,31.42,1528.5,48.09,3.217,233.7,Normal
2026-09-03 18:00:00,M02,19.86,28.48,1619.9,41.17,3.24,86.8,Normal
2026-09-03 18:10:00,M01,29.06,37.56,1607.2,27.14,2.635,144.3,Normal
2026-09-03 18:20:00,M03,24.66,34.97,2016.0,48.8,3.041,146.4,Normal
2026-09-03 18:30:00,M01,28.71,38.82,1988.6,25.66,2.47,134.5,Normal
2026-09-03 18:40:00,M03,20.22,29.13,1897.5,43.3,2.687,219.5,Normal
2026-09-03 18:50:00,M01,23.2,33.47,2014.4,31.86,3.432,161.9,Normal
2026-09-03 19:00:00,M02,25.02,34.2,1624.1,36.34,3.0,96.9,Normal
2026-09-03 19:10:00,M03,25.14,34.73,1869.7,45.04,2.365,207.0,Normal
2026-09-03 19:20:00,M01,23.65,36.16,1775.0,45.21,3.582,43.5,Normal
2026-09-03 19:30:00,M03,26.87,38.88,1969.4,53.37,0.608,130.6,Normal
2026-09-03 19:40:00,M03,21.8,29.85,1777.0,39.18,7.637,228.1,Tool_Wear
2026-09-03 19:50:00,M02,24.57,35.82,1723.0,43.06,1.135,150.1,Normal
2026-09-03 20:00:00,M02,25.36,36.58,1908.2,35.62,1.998,196.1,Normal
2026-09-03 20:10:00,M02,26.54,34.82,1975.2,41.82,2.467,156.9,Normal
2026-09-03 20:20:00,M02,27.13,38.36,1666.3,44.39,2.383,201.4,Normal
2026-09-03 20:30:00,M03,21.63,33.93,1787.8,39.02,3.305,226.7,Normal
2026-09-03 20:40:00,M03,20.4,28.71,1588.3,21.96,1.654,65.5,Normal
2026-09-03 20:50:00,M01,28.83,37.46,1300.4,43.31,2.709,40.7,Normal
2026-09-03 21:00:00,M01,26.0,37.52,1840.1,43.65,2.037,116.2,Normal
2026-09-03 21:10:00,M01,22.75,33.16,1921.8,33.2,2.736,168.4,Normal
2026-09-03 21:20:00,M02,29.65,40.48,1852.4,27.16,2.448,54.5,Normal
2026-09-03 21:30:00,M03,25.35,35.86,1410.1,54.76,2.574,1.0,Normal
2026-09-03 21:40:00,M03,28.54,39.12,1729.8,44.91,2.06,82.3,Normal
2026-09-03 21:50:00,M01,25.2,45.21,1356.3,37.71,2.092,232.5,Heat_Dissipation
2026-09-03 22:00:00,M01,31.18,42.75,2073.9,28.63,2.73,166.8,Normal
2026-09-03 22:10:00,M03,30.27,42.02,1582.8,31.78,3.255,96.3,Normal
2026-09-03 22:20:00,M02,24.25,33.91,2051.1,53.03,2.021,46.2,Normal
2026-09-03 22:30:00,M01,27.91,37.85,1989.2,41.38,1.805,85.5,Normal
2026-09-03 22:40:00,M01,26.94,34.64,1619.9,34.49,2.991,40.8,Normal
2026-09-03 22:50:00,M03,29.11,39.88,1573.4,45.1,2.474,25.5,Normal
2026-09-03 23:00:00,M03,22.11,32.96,1870.1,31.86,3.164,217.6,Normal
2026-09-03 23:10:00,M01,27.06,36.96,1631.1,55.01,1.775,239.4,Normal
2026-09-03 23:20:00,M01,28.18,39.86,1820.5,53.53,1.076,39.4,Normal
2026-09-03 23:30:00,M02,19.72,29.22,1703.4,35.33,2.074,13.1,Normal
2026-09-03 23:40:00,M02,21.45,32.3,1443.8,33.71,1.887,79.1,Normal
2026-09-03 23:50:00,M02,18.88,39.35,1353.9,13.82,2.437,110.8,Heat_Dissipation
2026-09-04 00:00:00,M02,24.19,34.16,1845.3,25.18,1.991,49.2,Normal
2026-09-04 00:10:00,M01,27.15,36.89,1687.7,26.61,3.093,72.3,Normal
2026-09-04 00:20:00,M01,29.51,39.85,1689.4,41.35,2.269,48.2,Normal
2026-09-04 00:30:00,M01,25.22,34.67,1939.2,36.74,2.62,185.8,Normal
2026-09-04 00:40:00,M02,29.89,39.69,2034.7,26.55,2.626,171.0,Normal
2026-09-04 00:50:00,M01,20.86,32.1,1745.5,37.19,2.656,152.4,Normal
2026-09-04 01:00:00,M03,19.89,29.23,1731.9,45.05,2.481,92.9,Normal
2026-09-04 01:10:00,M02,24.83,32.42,1900.0,45.28,2.908,218.2,Normal
2026-09-04 01:20:00,M03,26.15,38.78,1528.6,21.0,1.863,232.7,Normal
2026-09-04 01:30:00,M02,24.9,36.97,1844.6,38.72,3.62,41.7,Normal
2026-09-04 01:40:00,M01,18.8,26.86,1910.4,26.17,2.311,53.5,Normal
2026-09-04 01:50:00,M02,24.73,35.77,1936.0,49.02,1.451,126.2,Normal
2026-09-04 02:00:00,M03,21.09,30.33,1412.6,47.84,2.65,21.9,Normal
2026-09-04 02:10:00,M02,27.01,37.4,1647.7,31.02,1.819,104.7,Normal
2026-09-04 02:20:00,M03,26.1,36.54,1624.3,32.34,3.032,139.6,Normal
2026-09-04 02:30:00,M01,22.18,31.83,1820.0,35.39,4.268,125.3,Normal
2026-09-04 02:40:00,M03,23.46,32.28,1896.1,17.47,1.871,79.4,Normal
2026-09-04 02:50:00,M01,21.82,30.79,2099.3,43.36,2.766,130.2,Normal
2026-09-04 03:00:00,M03,24.81,33.44,1701.0,37.27,1.096,230.1,Normal
2026-09-04 03:10:00,M01,27.87,36.62,1700.5,49.7,2.863,49.4,Normal
2026-09-04 03:20:00,M03,22.04,31.94,2029.9,29.02,1.791,157.2,Normal
2026-09-04 03:30:00,M01,26.51,35.44,1859.3,33.81,2.0,10.4,Normal
2026-09-04 03:40:00,M01,23.41,34.43,2053.5,24.93,1.619,15.9,Normal
2026-09-04 03:50:00,M01,22.62,34.85,1857.7,29.96,3.086,132.4,Normal
2026-09-04 04:00:00,M03,24.68,33.81,1568.6,28.18,3.306,25.2,Normal
2026-09-04 04:10:00,M03,21.89,32.25,1533.4,49.96,2.519,5.4,Normal
2026-09-04 04:20:00,M01,23.34,34.09,1489.7,33.02,1.808,41.2,Normal
2026-09-04 04:30:00,M02,21.41,32.11,1932.4,41.24,3.772,135.6,Normal
2026-09-04 04:40:00,M01,30.89,41.01,2037.7,36.19,1.9,168.8,Normal
2026-09-04 04:50:00,M02,25.11,36.22,2169.9,27.31,0.77,48.6,Normal
2026-09-04 05:00:00,M01,22.9,33.62,1968.6,38.32,2.867,160.4,Normal
2026-09-04 05:10:00,M03,25.64,33.79,2032.6,45.99,1.616,43.8,Normal
2026-09-04 05:20:00,M02,24.66,35.97,1684.0,27.92,3.291,147.2,Normal
2026-09-04 05:30:00,M03,24.34,35.67,1568.7,48.09,2.195,98.9,Normal
2026-09-04 05:40:00,M02,26.84,35.7,1970.0,31.5,2.983,156.9,Normal
2026-09-04 05:50:00,M02,27.27,37.33,1883.5,35.17,3.621,238.8,Normal
2026-09-04 06:00:00,M02,23.41,34.43,1821.5,45.31,1.533,225.1,Normal
2026-09-04 06:10:00,M02,23.27,32.96,1877.5,33.37,2.047,1.0,Normal
2026-09-04 06:20:00,M03,24.17,35.78,1864.6,40.38,2.439,212.5,Normal
2026-09-04 06:30:00,M02,18.09,31.64,2056.8,36.85,3.73,16.0,Normal
2026-09-04 06:40:00,M01,20.45,29.28,2059.0,41.29,1.973,228.7,Normal
2026-09-04 06:50:00,M01,29.1,37.03,1908.8,16.19,2.024,67.6,Normal
2026-09-04 07:00:00,M02,29.93,40.39,1969.2,21.7,2.883,91.7,Normal
2026-09-04 07:10:00,M03,24.25,35.34,1902.8,46.16,2.038,22.0,Normal
2026-09-04 07:20:00,M03,26.73,36.38,1707.8,50.37,2.622,26.9,Normal
2026-09-04 07:30:00,M02,25.93,38.11,1951.3,30.9,1.259,174.4,Normal
2026-09-04 07:40:00,M03,34.24,42.23,1521.1,37.56,8.898,226.6,Tool_Wear
2026-09-04 07:50:00,M03,28.36,39.4,2010.8,42.95,1.422,146.6,Normal
2026-09-04 08:00:00,M03,24.62,33.71,1561.1,46.93,2.243,171.8,Normal
2026-09-04 08:10:00,M02,22.13,34.71,1857.2,19.72,2.474,182.9,Normal
2026-09-04 08:20:00,M01,20.18,33.17,1631.0,31.14,4.03,63.1,Normal
2026-09-04 08:30:00,M01,25.61,34.46,1910.7,36.67,1.44,10.9,Normal
2026-09-04 08:40:00,M01,22.73,31.91,1793.2,47.03,4.087,0.4,Normal
2026-09-04 08:50:00,M01,20.73,32.02,1481.0,64.98,3.106,84.2,Normal
2026-09-04 09:00:00,M01,23.06,32.48,1884.1,37.72,2.834,58.0,Normal
2026-09-04 09:10:00,M03,21.76,31.69,1684.4,25.93,1.712,15.0,Normal
2026-09-04 09:20:00,M03,30.06,40.1,1976.2,44.02,2.957,43.1,Normal
2026-09-04 09:30:00,M03,27.64,34.77,1800.3,53.21,1.921,29.9,Normal
2026-09-04 09:40:00,M02,24.98,34.96,1879.1,41.08,3.513,219.6,Normal
2026-09-04 09:50:00,M03,29.44,38.41,1608.5,30.93,1.723,33.7,Normal
2026-09-04 10:00:00,M01,25.23,34.49,1682.1,49.58,2.409,129.0,Normal
2026-09-04 10:10:00,M03,22.42,34.58,1708.3,46.64,2.056,142.3,Normal
2026-09-04 10:20:00,M01,29.57,37.68,1971.3,29.74,1.71,130.4,Normal
2026-09-04 10:30:00,M03,26.62,37.84,2135.5,43.81,3.093,23.8,Normal
2026-09-04 10:40:00,M01,21.89,31.47,1639.0,49.97,2.928,76.5,Normal
2026-09-04 10:50:00,M03,24.43,34.01,2015.4,51.82,3.467,12.3,Normal
2026-09-04 11:00:00,M01,22.37,33.56,1366.1,39.34,1.076,95.0,Normal
2026-09-04 11:10:00,M01,20.85,31.36,1561.2,36.42,3.351,45.3,Normal
2026-09-04 11:20:00,M02,27.78,38.63,1608.2,52.27,4.504,134.8,Normal
2026-09-04 11:30:00,M03,30.73,42.18,1529.5,27.9,2.139,166.3,Normal
2026-09-04 11:40:00,M01,20.8,30.31,1483.3,44.39,4.016,127.7,Normal
2026-09-04 11:50:00,M03,26.69,35.77,1882.6,26.3,2.289,104.2,Normal
2026-09-04 12:00:00,M01,23.05,31.42,1757.2,50.65,1.402,93.0,Normal
2026-09-04 12:10:00,M02,23.54,32.3,1875.9,37.42,2.255,202.0,Normal
2026-09-04 12:20:00,M02,23.22,37.65,1938.1,52.69,3.339,52.6,Normal
2026-09-04 12:30:00,M02,22.41,34.28,1853.1,44.91,1.829,176.2,Normal
2026-09-04 12:40:00,M02,25.15,33.12,1931.6,27.77,2.02,181.8,Normal
2026-09-04 12:50:00,M01,22.51,30.52,1786.1,54.25,2.975,100.6,Normal
2026-09-04 13:00:00,M03,25.81,36.53,1562.6,55.51,2.502,71.4,Normal
2026-09-04 13:10:00,M02,24.85,35.67,2011.6,48.82,2.968,112.9,Normal
2026-09-04 13:20:00,M02,24.28,35.11,1682.2,32.38,2.69,22.4,Normal
2026-09-04 13:30:00,M02,22.28,31.89,1612.9,36.94,2.884,11.0,Normal
2026-09-04 13:40:00,M03,23.27,33.08,1764.4,41.45,2.154,26.8,Normal
2026-09-04 13:50:00,M01,27.27,37.76,1617.4,32.96,2.685,44.9,Normal
2026-09-04 14:00:00,M01,26.5,36.63,1716.5,56.92,1.758,121.0,Normal
2026-09-04 14:10:00,M01,22.07,28.74,1868.8,41.44,3.531,203.8,Normal
2026-09-04 14:20:00,M01,25.3,34.95,1869.7,12.97,1.993,56.6,Normal
2026-09-04 14:30:00,M03,27.25,35.98,1620.4,43.39,3.403,224.4,Normal
2026-09-04 14:40:00,M03,19.99,30.25,1702.5,36.52,2.313,229.2,Normal
2026-09-04 14:50:00,M03,26.63,41.11,2014.9,39.25,2.662,230.1,Normal
2026-09-04 15:00:00,M02,23.01,33.56,1899.3,36.31,2.104,201.0,Normal
2026-09-04 15:10:00,M03,26.71,36.24,2215.0,48.07,1.687,87.3,Normal
2026-09-04 15:20:00,M01,22.71,34.09,2036.0,51.2,1.104,17.4,Normal
2026-09-04 15:30:00,M03,19.59,30.31,2028.9,42.83,1.656,136.5,Normal
2026-09-04 15:40:00,M02,20.12,30.75,1522.4,36.61,2.241,134.1,Normal
2026-09-04 15:50:00,M01,25.14,36.05,1952.8,39.59,2.67,204.0,Normal
2026-09-04 16:00:00,M03,25.78,38.86,1789.4,40.2,3.308,239.0,Normal
2026-09-04 16:10:00,M01,22.29,30.59,1689.8,31.98,2.143,122.0,Normal
2026-09-04 16:20:00,M01,26.92,37.63,1833.6,45.79,1.794,82.8,Normal
2026-09-04 16:30:00,M03,20.02,28.63,1989.0,44.6,1.346,44.6,Normal
2026-09-04 16:40:00,M03,24.8,35.64,1900.2,55.4,2.884,1.2,Normal
2026-09-04 16:50:00,M02,21.37,29.99,1624.3,52.55,3.607,122.2,Normal
2026-09-04 17:00:00,M03,23.04,32.42,1948.5,33.14,3.513,133.3,Normal
2026-09-04 17:10:00,M03,25.14,34.7,1672.5,48.2,3.068,198.0,Normal
2026-09-04 17:20:00,M03,22.42,33.88,1843.3,30.49,3.011,121.1,Normal
2026-09-04 17:30:00,M01,23.85,35.22,1739.3,46.96,3.858,220.0,Normal
2026-09-04 17:40:00,M02,28.02,36.15,1756.2,34.83,2.766,150.7,Normal
2026-09-04 17:50:00,M01,23.27,33.35,1953.2,29.77,3.017,201.7,Normal
2026-09-04 18:00:00,M03,27.51,36.44,1592.0,42.8,2.243,35.6,Normal
2026-09-04 18:10:00,M02,21.61,29.72,2189.0,13.25,1.41,205.3,Normal
2026-09-04 18:20:00,M03,26.59,36.26,1435.8,22.49,1.953,162.0,Normal
2026-09-04 18:30:00,M01,29.32,38.86,1680.5,38.23,2.493,40.9,Normal
2026-09-04 18:40:00,M01,17.59,31.23,1874.0,40.82,2.549,45.5,Normal
2026-09-04 18:50:00,M03,22.61,33.26,1916.9,36.31,6.367,222.4,Tool_Wear
2026-09-04 19:00:00,M02,26.73,34.66,1779.9,24.21,2.565,7.7,Normal
2026-09-04 19:10:00,M01,24.39,33.54,1788.5,31.82,3.443,111.0,Normal
2026-09-04 19:20:00,M03,26.11,37.65,1882.1,43.91,2.152,75.2,Normal
2026-09-04 19:30:00,M03,23.19,36.32,1753.8,45.82,2.251,159.6,Normal
2026-09-04 19:40:00,M03,25.26,32.88,2078.6,39.84,1.437,201.5,Normal
2026-09-04 19:50:00,M02,24.53,31.71,1967.9,51.57,1.906,86.5,Normal
2026-09-04 20:00:00,M03,28.5,41.31,1974.6,43.97,2.922,102.5,Normal
2026-09-04 20:10:00,M03,25.76,36.35,1606.8,32.53,2.506,235.7,Normal
2026-09-04 20:20:00,M01,26.01,34.71,1784.1,37.19,3.254,188.1,Normal
2026-09-04 20:30:00,M03,23.76,34.57,1739.9,25.97,2.645,215.3,Normal
2026-09-04 20:40:00,M02,23.54,29.58,1598.9,38.92,2.218,105.3,Normal
2026-09-04 20:50:00,M03,23.7,33.71,1872.0,51.12,4.219,56.2,Normal
2026-09-04 21:00:00,M02,26.18,36.68,1692.5,46.85,2.425,98.8,Normal
2026-09-04 21:10:00,M03,23.74,35.12,1931.1,54.02,3.43,171.9,Normal
2026-09-04 21:20:00,M03,25.87,34.35,1586.0,36.97,2.179,26.3,Normal
2026-09-04 21:30:00,M03,31.23,41.35,2143.8,53.46,3.068,64.9,Normal
2026-09-04 21:40:00,M02,27.61,36.23,1620.7,38.07,3.242,11.2,Normal
2026-09-04 21:50:00,M01,24.02,34.41,1843.9,54.72,2.667,103.8,Normal
2026-09-04 22:00:00,M02,28.6,37.26,1958.4,39.78,0.616,198.6,Normal
2026-09-04 22:10:00,M01,23.78,33.16,1685.9,47.07,2.515,5.9,Normal
2026-09-04 22:20:00,M02,18.89,27.39,1970.5,54.75,3.484,162.1,Normal
2026-09-04 22:30:00,M03,21.98,32.95,1554.2,38.07,2.922,223.8,Normal
2026-09-04 22:40:00,M03,19.39,30.68,2090.4,42.18,2.857,56.9,Normal
2026-09-04 22:50:00,M01,23.95,33.59,1802.8,52.89,1.122,166.5,Normal
2026-09-04 23:00:00,M01,25.06,35.11,1680.7,38.67,1.924,234.0,Normal
2026-09-04 23:10:00,M02,30.03,37.86,1740.2,26.79,2.829,230.9,Normal
2026-09-04 23:20:00,M02,25.98,35.53,1961.8,61.43,2.828,56.4,Normal
2026-09-04 23:30:00,M01,24.34,34.27,1683.1,35.3,3.472,24.1,Normal
2026-09-04 23:40:00,M01,27.49,41.42,1650.1,41.59,2.384,35.6,Normal
2026-09-04 23:50:00,M02,18.37,26.7,1755.7,51.56,2.825,168.5,Normal
2026-09-05 00:00:00,M01,25.71,37.9,1564.6,33.92,2.513,174.2,Normal
2026-09-05 00:10:00,M01,27.31,38.81,2164.1,29.92,1.71,161.8,Normal
2026-09-05 00:20:00,M01,20.56,30.99,1686.7,42.54,0.695,80.7,Normal
2026-09-05 00:30:00,M01,28.43,41.07,1966.3,22.07,2.845,40.7,Normal
2026-09-05 00:40:00,M03,26.02,36.57,1841.9,37.12,2.639,139.4,Normal
2026-09-05 00:50:00,M03,23.75,34.34,1603.1,42.45,2.005,116.1,Normal
2026-09-05 01:00:00,M01,26.9,36.82,1798.8,37.3,1.205,174.9,Normal
2026-09-05 01:10:00,M02,31.81,43.65,1956.8,24.57,3.004,105.9,Normal
2026-09-05 01:20:00,M03,25.55,37.19,1762.3,55.94,2.287,81.3,Normal
2026-09-05 01:30:00,M02,25.74,34.81,2038.6,41.04,2.945,70.4,Normal
2026-09-05 01:40:00,M02,23.62,31.64,2004.3,54.31,3.991,50.8,Normal
2026-09-05 01:50:00,M03,22.45,32.15,1983.8,37.4,0.787,63.8,Normal
2026-09-05 02:00:00,M02,27.49,36.29,1708.1,31.2,1.94,22.8,Normal
2026-09-05 02:10:00,M02,22.43,32.34,1584.0,42.69,2.332,83.2,Normal
2026-09-05 02:20:00,M01,25.21,37.07,1677.3,37.84,3.664,8.8,Normal
2026-09-05 02:30:00,M01,23.57,32.88,1839.2,28.22,1.191,44.7,Normal
2026-09-05 02:40:00,M01,26.44,36.37,1909.2,54.7,4.049,179.2,Normal
2026-09-05 02:50:00,M03,26.0,36.09,1365.7,33.78,2.609,78.1,Normal
2026-09-05 03:00:00,M01,28.11,39.39,1798.4,21.6,2.423,160.4,Normal
2026-09-05 03:10:00,M02,23.47,30.1,1831.6,53.28,2.342,172.1,Normal
2026-09-05 03:20:00,M02,24.19,33.28,1744.5,34.96,2.151,139.5,Normal
2026-09-05 03:30:00,M02,22.06,32.38,2058.3,33.92,3.338,230.1,Normal
2026-09-05 03:40:00,M02,23.67,35.47,1884.4,22.35,1.645,5.1,Normal
2026-09-05 03:50:00,M02,26.13,35.39,2062.0,57.41,2.776,177.3,Normal
2026-09-05 04:00:00,M03,27.27,34.46,1756.8,27.11,2.193,230.1,Normal
2026-09-05 04:10:00,M02,22.23,33.16,1987.5,40.58,1.89,206.9,Normal
2026-09-05 04:20:00,M03,27.61,36.66,2127.0,49.13,4.569,40.3,Normal
2026-09-05 04:30:00,M02,29.07,37.28,2062.3,44.22,2.835,78.4,Normal
2026-09-05 04:40:00,M03,26.24,35.3,1581.6,39.4,2.991,41.4,Normal
2026-09-05 04:50:00,M03,30.63,40.35,1749.3,22.98,3.41,144.3,Normal
2026-09-05 05:00:00,M02,22.68,31.77,1731.0,31.9,1.363,170.9,Normal
2026-09-05 05:10:00,M02,21.27,27.96,1897.9,41.88,3.902,76.1,Normal
2026-09-05 05:20:00,M02,19.66,31.01,1937.3,32.13,0.493,129.5,Normal
2026-09-05 05:30:00,M02,29.49,41.4,1632.2,42.03,1.885,165.8,Normal
2026-09-05 05:40:00,M01,26.96,37.94,1813.6,46.82,2.133,101.1,Normal
2026-09-05 05:50:00,M01,24.83,45.13,1396.0,49.63,2.965,205.0,Heat_Dissipation
2026-09-05 06:00:00,M03,25.84,35.54,2088.4,27.74,2.675,185.2,Normal
2026-09-05 06:10:00,M03,21.62,31.61,1697.5,61.97,2.367,15.5,Normal
2026-09-05 06:20:00,M01,32.34,43.24,1811.2,47.67,2.49,149.1,Normal
2026-09-05 06:30:00,M03,25.39,36.39,1738.1,39.98,1.718,56.5,Normal
2026-09-05 06:40:00,M02,25.33,34.23,2029.2,50.9,1.302,133.8,Normal
2026-09-05 06:50:00,M03,27.18,37.3,1232.5,63.65,3.081,229.7,Normal
2026-09-05 07:00:00,M03,26.44,37.13,1796.7,25.61,3.055,211.0,Normal
2026-09-05 07:10:00,M03,25.67,37.86,1778.8,37.75,3.768,97.1,Normal
2026-09-05 07:20:00,M01,22.63,33.69,1709.3,16.22,1.868,70.0,Normal
2026-09-05 07:30:00,M01,26.41,37.6,2145.2,41.93,3.054,56.3,Normal
2026-09-05 07:40:00,M03,30.65,40.77,1622.5,43.65,2.273,127.8,Normal
2026-09-05 07:50:00,M02,29.04,41.15,1954.4,39.61,3.452,27.4,Normal
2026-09-05 08:00:00,M03,29.78,40.39,1871.3,33.45,3.318,131.8,Normal
2026-09-05 08:10:00,M01,23.47,32.17,2052.3,19.5,2.669,0.3,Normal
2026-09-05 08:20:00,M02,22.03,34.14,1666.6,43.74,2.228,77.7,Normal
2026-09-05 08:30:00,M03,24.62,35.67,1653.4,54.55,3.269,52.8,Normal
2026-09-05 08:40:00,M01,25.17,34.5,2019.2,34.09,3.018,233.1,Normal
2026-09-05 08:50:00,M02,28.28,37.56,1885.1,44.4,1.952,174.5,Normal
2026-09-05 09:00:00,M03,19.92,30.37,1491.0,24.32,1.438,83.9,Normal
2026-09-05 09:10:00,M01,29.59,40.28,1692.1,44.57,2.269,22.3,Normal
2026-09-05 09:20:00,M02,24.53,34.82,1877.3,36.07,3.712,124.0,Normal
2026-09-05 09:30:00,M03,23.72,34.19,1967.6,32.38,3.417,51.2,Normal
2026-09-05 09:40:00,M02,21.96,34.51,1664.2,32.4,1.61,128.7,Normal
2026-09-05 09:50:00,M02,20.04,31.64,1217.1,36.06,1.566,200.5,Normal
2026-09-05 10:00:00,M02,27.47,37.76,1904.6,43.82,3.52,147.8,Normal
2026-09-05 10:10:00,M01,25.22,36.63,1555.9,26.88,1.591,152.1,Normal
2026-09-05 10:20:00,M03,21.13,41.58,1396.5,36.03,2.907,129.8,Heat_Dissipation
2026-09-05 10:30:00,M02,21.11,31.71,1233.5,39.59,2.007,222.5,Normal
2026-09-05 10:40:00,M02,23.99,36.71,1962.8,29.01,3.794,223.7,Normal
2026-09-05 10:50:00,M02,30.01,39.68,1825.7,57.97,1.884,123.1,Normal
2026-09-05 11:00:00,M01,24.22,32.95,1754.9,31.47,3.415,73.4,Normal
2026-09-05 11:10:00,M02,20.49,29.51,2077.8,33.31,2.648,110.3,Normal
2026-09-05 11:20:00,M01,24.26,32.63,1927.5,30.22,2.702,44.8,Normal
2026-09-05 11:30:00,M01,24.18,33.0,2123.3,57.98,0.924,152.7,Normal
2026-09-05 11:40:00,M02,16.91,26.35,1521.5,45.53,0.738,120.0,Normal
2026-09-05 11:50:00,M02,24.84,32.73,1793.1,30.63,2.324,24.8,Normal
2026-09-05 12:00:00,M01,24.31,34.33,1476.7,51.06,2.698,47.4,Normal
2026-09-05 12:10:00,M01,27.09,38.44,1754.1,42.01,1.6,115.1,Normal
2026-09-05 12:20:00,M02,30.55,39.19,1750.3,42.57,1.629,213.0,Normal
2026-09-05 12:30:00,M01,28.38,40.66,1925.3,36.56,2.949,135.9,Normal
2026-09-05 12:40:00,M01,24.19,34.96,1809.1,32.51,2.95,163.6,Normal
2026-09-05 12:50:00,M02,21.68,33.23,1924.7,43.38,2.39,81.4,Normal
2026-09-05 13:00:00,M02,32.72,41.73,1940.7,34.55,3.124,137.1,Normal
2026-09-05 13:10:00,M03,25.18,36.46,2231.0,58.17,1.561,107.4,Normal
2026-09-05 13:20:00,M02,25.04,33.4,1736.9,27.31,2.215,158.2,Normal
2026-09-05 13:30:00,M02,24.93,36.26,1611.8,55.36,3.818,12.1,Normal
2026-09-05 13:40:00,M02,25.59,35.85,1849.2,38.89,2.555,118.4,Normal
2026-09-05 13:50:00,M03,24.57,35.4,1639.5,42.99,2.601,71.0,Normal
2026-09-05 14:00:00,M01,23.28,31.52,2096.4,48.33,4.345,78.3,Normal
2026-09-05 14:10:00,M02,23.36,32.02,1743.4,33.7,1.381,230.6,Normal
2026-09-05 14:20:00,M02,24.9,35.8,1686.9,48.64,3.137,43.8,Normal
2026-09-05 14:30:00,M03,23.37,31.95,1705.7,12.92,3.831,74.7,Normal
2026-09-05 14:40:00,M03,22.86,33.56,1943.7,32.8,2.24,122.4,Normal
2026-09-05 14:50:00,M03,25.32,33.27,1768.5,30.76,3.188,207.1,Normal
2026-09-05 15:00:00,M01,24.24,35.51,1671.7,27.46,1.714,100.0,Normal
2026-09-05 15:10:00,M03,29.51,37.66,2133.1,37.85,1.951,178.5,Normal
2026-09-05 15:20:00,M01,17.05,27.88,1628.8,43.86,2.808,205.5,Normal
2026-09-05 15:30:00,M02,28.27,39.21,1807.1,47.03,3.139,74.4,Normal
2026-09-05 15:40:00,M02,28.74,37.69,1930.5,42.41,3.397,94.3,Normal
2026-09-05 15:50:00,M02,18.78,29.65,1473.7,33.34,3.756,85.6,Normal
2026-09-05 16:00:00,M03,23.97,34.36,1896.1,43.69,2.446,199.9,Normal
2026-09-05 16:10:00,M02,23.89,33.08,1589.0,41.24,3.455,10.6,Normal
2026-09-05 16:20:00,M03,20.78,29.26,1964.6,49.36,2.226,74.0,Normal
2026-09-05 16:30:00,M01,22.67,29.72,1607.5,47.77,3.222,163.1,Normal
2026-09-05 16:40:00,M02,21.67,32.19,1938.6,40.3,2.666,135.7,Normal
2026-09-05 16:50:00,M01,30.26,37.91,2021.2,31.03,2.857,104.7,Normal
2026-09-05 17:00:00,M03,27.81,37.95,1972.3,33.47,2.839,129.6,Normal
2026-09-05 17:10:00,M03,28.81,38.42,1850.3,34.5,1.216,47.4,Normal
2026-09-05 17:20:00,M02,27.17,38.18,1753.7,36.85,1.601,103.4,Normal
2026-09-05 17:30:00,M02,21.61,31.16,1684.7,42.68,2.582,120.4,Normal
2026-09-05 17:40:00,M03,23.43,32.93,2094.2,47.15,1.15,216.3,Normal
2026-09-05 17:50:00,M02,26.47,37.57,1660.1,39.49,3.165,62.6,Normal
2026-09-05 18:00:00,M02,21.33,31.84,1592.6,40.16,3.197,208.3,Normal
2026-09-05 18:10:00,M01,27.14,37.61,1933.1,41.43,2.762,154.6,Normal
2026-09-05 18:20:00,M03,24.28,34.98,1640.8,34.84,1.603,4.9,Normal
2026-09-05 18:30:00,M01,23.88,31.57,1610.0,30.75,3.604,173.9,Normal
2026-09-05 18:40:00,M02,27.13,38.27,1511.3,22.45,4.13,8.5,Normal
2026-09-05 18:50:00,M01,26.33,37.25,1703.4,33.05,2.618,239.4,Normal
2026-09-05 19:00:00,M03,23.92,32.39,1783.5,44.73,2.908,209.4,Normal
2026-09-05 19:10:00,M01,28.48,38.11,1848.6,32.97,2.661,71.4,Normal
2026-09-05 19:20:00,M01,21.76,31.7,1990.3,37.62,2.924,61.8,Normal
2026-09-05 19:30:00,M02,26.85,36.65,1905.4,44.66,2.404,91.5,Normal
2026-09-05 19:40:00,M03,26.78,37.28,1761.8,45.21,2.472,85.5,Normal
2026-09-05 19:50:00,M02,24.07,36.22,1760.4,29.2,3.225,89.4,Normal
2026-09-05 20:00:00,M02,25.98,37.6,1902.0,49.97,4.376,76.4,Normal
2026-09-05 20:10:00,M03,21.25,29.28,2054.5,51.27,1.38,149.1,Normal
2026-09-05 20:20:00,M01,27.77,38.71,1825.3,28.7,2.417,39.4,Normal
2026-09-05 20:30:00,M02,24.45,36.44,1706.2,31.76,1.556,203.0,Normal
2026-09-05 20:40:00,M01,23.43,34.01,1601.4,51.91,3.774,195.0,Normal
2026-09-05 20:50:00,M03,28.15,39.78,1511.0,38.53,2.03,114.4,Normal
2026-09-05 21:00:00,M02,22.89,35.91,1933.3,17.8,1.345,204.7,Normal
2026-09-05 21:10:00,M01,20.77,32.31,1915.6,26.0,3.011,59.3,Normal
2026-09-05 21:20:00,M01,20.33,30.7,1915.5,37.51,3.895,4.2,Normal
2026-09-05 21:30:00,M02,26.82,38.39,1774.3,28.37,3.031,148.6,Normal
2026-09-05 21:40:00,M03,21.16,31.38,2081.4,35.87,2.664,109.9,Normal
2026-09-05 21:50:00,M01,30.26,40.3,1703.2,40.32,2.827,136.1,Normal
2026-09-05 22:00:00,M03,18.75,28.23,1991.1,54.62,3.632,215.8,Normal
2026-09-05 22:10:00,M02,30.09,42.43,1792.3,37.1,1.801,232.8,Normal
2026-09-05 22:20:00,M01,25.63,34.41,1678.3,50.73,2.411,152.3,Normal
2026-09-05 22:30:00,M01,24.71,37.01,1918.5,54.29,2.138,183.4,Normal
2026-09-05 22:40:00,M01,23.37,34.12,1881.9,54.34,1.566,20.1,Normal
2026-09-05 22:50:00,M03,26.2,34.1,1871.4,42.85,2.237,38.6,Normal
2026-09-05 23:00:00,M01,24.89,35.44,1816.3,20.37,3.386,176.0,Normal
2026-09-05 23:10:00,M01,28.31,35.16,1792.4,44.61,2.953,103.5,Normal
2026-09-05 23:20:00,M02,25.34,36.28,2277.7,50.48,3.015,107.0,Normal
2026-09-05 23:30:00,M01,25.45,36.78,2036.9,39.19,2.617,74.1,Normal
2026-09-05 23:40:00,M03,23.91,33.02,1944.6,57.45,2.919,145.8,Normal
2026-09-05 23:50:00,M02,24.83,35.01,1822.4,48.6,1.86,44.4,Normal
2026-09-06 00:00:00,M02,25.92,38.85,2001.4,45.68,2.252,150.5,Normal
2026-09-06 00:10:00,M01,19.87,29.11,1903.6,50.86,2.654,41.7,Normal
2026-09-06 00:20:00,M02,20.96,29.37,1805.2,43.33,2.722,15.3,Normal
2026-09-06 00:30:00,M01,27.23,39.45,1739.3,15.07,2.756,79.3,Normal
2026-09-06 00:40:00,M02,25.51,38.46,1783.8,35.01,2.389,55.5,Normal
2026-09-06 00:50:00,M03,24.45,34.45,1165.9,51.97,2.198,213.4,Normal
2026-09-06 01:00:00,M01,25.06,36.57,1842.1,31.92,5.026,13.2,Normal
2026-09-06 01:10:00,M03,26.04,38.05,1702.3,37.77,3.225,42.4,Normal
2026-09-06 01:20:00,M01,23.38,32.27,2118.5,29.55,2.831,131.7,Normal
2026-09-06 01:30:00,M03,22.67,31.94,1803.9,57.84,2.313,115.5,Normal
2026-09-06 01:40:00,M03,25.59,37.43,1562.2,56.81,2.139,11.0,Normal
2026-09-06 01:50:00,M02,22.06,34.59,1790.0,31.16,2.395,1.7,Normal
2026-09-06 02:00:00,M01,26.22,37.07,1590.8,41.47,2.734,237.1,Normal
2026-09-06 02:10:00,M02,19.89,28.57,1894.7,33.2,0.996,158.1,Normal
2026-09-06 02:20:00,M03,28.09,41.07,1858.2,46.15,1.244,87.7,Normal
2026-09-06 02:30:00,M01,26.42,35.62,1991.6,45.1,1.99,112.9,Normal
2026-09-06 02:40:00,M03,25.77,35.27,1641.8,48.12,2.666,64.0,Normal
2026-09-06 02:50:00,M03,27.95,38.46,1806.8,43.32,2.309,82.8,Normal
2026-09-06 03:00:00,M03,30.0,42.33,1527.0,69.35,3.682,155.8,Normal
2026-09-06 03:10:00,M03,28.04,39.32,1940.3,29.72,1.314,211.9,Normal
2026-09-06 03:20:00,M02,19.48,30.1,1903.8,22.89,1.899,44.2,Normal
2026-09-06 03:30:00,M03,21.16,31.86,1899.2,36.07,3.716,201.7,Normal
2026-09-06 03:40:00,M02,23.13,33.19,1800.3,24.32,2.605,29.2,Normal
2026-09-06 03:50:00,M03,25.08,35.92,1883.0,25.08,3.208,51.6,Normal
2026-09-06 04:00:00,M01,26.55,32.76,2120.9,29.99,4.141,8.9,Normal
2026-09-06 04:10:00,M03,22.82,32.38,1743.0,30.78,1.945,33.8,Normal
2026-09-06 04:20:00,M03,25.56,35.92,1827.7,30.45,2.421,220.2,Normal
2026-09-06 04:30:00,M01,22.73,31.01,1582.8,45.18,2.282,110.3,Normal
2026-09-06 04:40:00,M01,23.17,33.74,1626.3,34.94,0.936,18.6,Normal
2026-09-06 04:50:00,M03,20.78,30.47,1819.6,38.2,2.252,230.3,Normal
2026-09-06 05:00:00,M03,22.23,34.86,2020.8,48.94,3.205,211.0,Normal
2026-09-06 05:10:00,M02,20.94,33.3,1748.7,32.34,2.932,181.1,Normal
2026-09-06 05:20:00,M01,22.07,31.37,1752.8,37.35,2.995,224.0,Normal
2026-09-06 05:30:00,M01,28.16,37.93,1718.6,43.66,2.2,52.8,Normal
2026-09-06 05:40:00,M02,22.15,32.04,1693.0,20.58,1.975,200.7,Normal
2026-09-06 05:50:00,M03,32.9,42.22,1859.0,16.15,3.515,165.6,Normal
2026-09-06 06:00:00,M03,26.48,36.77,1500.5,43.46,2.102,208.7,Normal
2026-09-06 06:10:00,M01,25.55,34.42,2056.2,44.92,2.735,191.3,Normal
2026-09-06 06:20:00,M02,22.42,30.73,1666.9,60.64,2.631,83.2,Normal
2026-09-06 06:30:00,M03,27.1,38.03,1944.4,41.58,3.669,185.9,Normal
2026-09-06 06:40:00,M01,23.27,34.22,1546.0,48.2,3.277,63.0,Normal
2026-09-06 06:50:00,M03,25.37,34.16,1933.8,38.05,1.464,78.9,Normal
2026-09-06 07:00:00,M03,32.68,44.02,1934.4,42.97,1.55,25.9,Normal
2026-09-06 07:10:00,M03,24.71,33.76,1876.8,56.67,2.963,224.4,Normal
2026-09-06 07:20:00,M01,28.45,38.83,1601.1,18.76,2.449,69.8,Normal
2026-09-06 07:30:00,M02,22.89,34.12,1849.9,44.14,2.136,124.9,Normal
2026-09-06 07:40:00,M02,24.9,34.84,1563.4,61.36,3.313,93.9,Normal
2026-09-06 07:50:00,M03,30.31,40.99,1749.4,42.82,2.65,230.4,Normal
2026-09-06 08:00:00,M02,23.12,32.34,2005.9,56.51,2.542,80.4,Normal
2026-09-06 08:10:00,M03,30.44,40.14,1959.3,33.71,3.124,186.9,Normal
2026-09-06 08:20:00,M01,27.12,36.81,1803.0,39.68,2.2,205.3,Normal
2026-09-06 08:30:00,M01,23.31,32.19,1605.0,40.34,3.755,104.5,Normal
2026-09-06 08:40:00,M01,26.9,36.63,1929.1,17.82,1.87,90.8,Normal
2026-09-06 08:50:00,M03,27.92,35.59,1803.9,28.32,3.026,179.5,Normal
2026-09-06 09:00:00,M02,26.87,36.13,1335.9,29.03,3.647,219.1,Normal
2026-09-06 09:10:00,M01,20.29,29.86,1956.5,48.22,1.398,181.2,Normal
2026-09-06 09:20:00,M03,22.82,32.43,1795.2,48.72,2.225,54.5,Normal
2026-09-06 09:30:00,M02,24.26,33.9,2040.5,43.24,3.414,213.2,Normal
2026-09-06 09:40:00,M02,24.78,34.68,1580.9,48.24,3.426,93.0,Normal
2026-09-06 09:50:00,M02,26.86,37.58,1164.7,38.36,2.363,138.3,Normal
2026-09-06 10:00:00,M03,25.53,36.84,1855.8,52.02,1.912,199.5,Normal
2026-09-06 10:10:00,M03,20.99,30.02,1858.3,40.09,3.265,45.2,Normal
2026-09-06 10:20:00,M03,26.14,46.34,1461.9,40.58,3.447,188.3,Heat_Dissipation
2026-09-06 10:30:00,M01,26.83,35.27,1604.3,37.34,1.568,143.1,Normal
2026-09-06 10:40:00,M03,26.68,35.95,2351.0,46.84,1.537,214.4,Normal
2026-09-06 10:50:00,M01,28.24,37.71,1738.9,35.79,2.68,41.3,Normal
2026-09-06 11:00:00,M01,27.5,36.35,1946.2,49.76,3.003,101.0,Normal
2026-09-06 11:10:00,M01,26.38,34.43,1669.9,28.68,2.261,199.9,Normal
2026-09-06 11:20:00,M03,24.79,34.11,1381.9,29.01,3.043,4.6,Normal
2026-09-06 11:30:00,M01,20.02,30.29,1765.9,46.87,1.932,26.9,Normal
2026-09-06 11:40:00,M03,26.29,37.18,1746.9,39.11,0.808,237.7,Normal
2026-09-06 11:50:00,M03,25.62,34.79,1720.0,35.46,2.161,67.3,Normal
2026-09-06 12:00:00,M01,25.81,35.2,1777.1,48.9,2.551,234.1,Normal
2026-09-06 12:10:00,M01,21.17,29.78,1852.9,33.93,2.279,43.8,Normal
2026-09-06 12:20:00,M01,21.76,31.71,1770.0,38.0,1.573,86.7,Normal
2026-09-06 12:30:00,M03,28.16,36.89,1547.2,53.99,1.047,180.7,Normal
2026-09-06 12:40:00,M03,24.88,35.74,1897.2,55.39,2.089,157.9,Normal
2026-09-06 12:50:00,M01,27.04,46.37,1410.1,55.72,3.218,139.5,Heat_Dissipation
2026-09-06 13:00:00,M01,25.08,34.55,1389.9,37.18,3.505,127.2,Normal
2026-09-06 13:10:00,M02,25.09,35.54,1947.8,52.31,3.45,202.4,Normal
2026-09-06 13:20:00,M01,27.81,38.09,1901.4,30.51,1.847,56.4,Normal
2026-09-06 13:30:00,M02,23.45,37.49,1788.5,30.93,1.577,106.2,Normal
2026-09-06 13:40:00,M02,25.29,35.81,1520.9,16.5,2.897,37.3,Normal
2026-09-06 13:50:00,M03,23.61,32.11,1658.4,56.73,3.008,143.0,Normal
2026-09-06 14:00:00,M03,23.7,33.55,1747.5,31.36,2.82,60.1,Normal
2026-09-06 14:10:00,M02,24.07,43.41,1480.8,38.73,0.889,80.1,Heat_Dissipation
2026-09-06 14:20:00,M02,25.67,35.55,1652.2,30.9,1.806,113.1,Normal
2026-09-06 14:30:00,M01,23.56,32.31,1930.5,46.95,2.476,6.4,Normal
2026-09-06 14:40:00,M02,28.77,40.14,2085.5,36.24,2.89,22.1,Normal
2026-09-06 14:50:00,M01,22.32,31.49,1716.1,26.95,3.114,164.6,Normal
2026-09-06 15:00:00,M03,24.44,34.26,1951.3,44.42,2.615,103.0,Normal
2026-09-06 15:10:00,M01,23.68,32.73,1417.2,25.66,2.765,207.5,Normal
2026-09-06 15:20:00,M03,29.34,41.95,1931.9,31.63,2.568,166.7,Normal
2026-09-06 15:30:00,M02,25.59,35.11,1639.2,18.93,3.048,1.9,Normal
2026-09-06 15:40:00,M02,28.1,40.84,1861.5,25.76,2.75,148.0,Normal
2026-09-06 15:50:00,M02,20.54,31.76,1750.4,41.79,2.553,22.5,Normal
2026-09-06 16:00:00,M01,25.8,36.52,2064.1,20.35,2.285,187.4,Normal
2026-09-06 16:10:00,M03,27.67,38.22,1625.1,25.19,2.565,238.0,Normal
2026-09-06 16:20:00,M03,25.25,35.84,1925.5,39.98,2.888,127.5,Normal
2026-09-06 16:30:00,M03,28.2,35.3,1744.1,34.56,2.714,163.9,Normal
2026-09-06 16:40:00,M03,23.45,33.03,1768.3,59.92,2.805,57.0,Normal
2026-09-06 16:50:00,M03,29.23,40.5,1763.2,58.34,3.574,105.0,Normal
2026-09-06 17:00:00,M01,31.9,41.82,1630.9,31.32,2.712,205.5,Normal
2026-09-06 17:10:00,M03,23.91,31.8,1797.2,45.57,1.981,40.2,Normal
2026-09-06 17:20:00,M02,23.66,33.58,1787.5,47.49,3.207,63.7,Normal
2026-09-06 17:30:00,M03,29.36,41.92,1848.2,34.03,1.407,106.9,Normal
2026-09-06 17:40:00,M02,29.74,41.61,1816.9,25.04,1.635,170.9,Normal
2026-09-06 17:50:00,M01,23.43,33.34,1959.6,39.88,2.769,90.2,Normal
2026-09-06 18:00:00,M01,23.74,35.17,1984.7,38.27,2.913,222.7,Normal
2026-09-06 18:10:00,M02,24.15,33.6,1589.9,35.64,1.504,22.7,Normal
2026-09-06 18:20:00,M03,20.97,28.41,1973.8,44.42,2.194,89.0,Normal
2026-09-06 18:30:00,M01,22.24,30.86,1562.7,32.49,2.015,170.1,Normal
2026-09-06 18:40:00,M01,21.99,34.33,1917.6,28.48,2.111,54.2,Normal
2026-09-06 18:50:00,M01,22.7,32.29,1923.9,41.09,3.255,157.5,Normal
2026-09-06 19:00:00,M03,24.9,34.53,1417.7,43.86,3.065,39.4,Normal
2026-09-06 19:10:00,M02,25.7,35.25,1818.6,28.23,2.485,13.4,Normal
2026-09-06 19:20:00,M02,29.65,42.51,1706.3,49.28,2.063,29.0,Normal
2026-09-06 19:30:00,M03,22.0,34.44,1648.2,22.3,1.42,223.2,Normal
2026-09-06 19:40:00,M01,27.95,41.28,2070.2,34.22,3.636,132.4,Normal
2026-09-06 19:50:00,M03,24.36,34.12,1669.3,37.42,2.974,191.1,Normal
2026-09-06 20:00:00,M03,24.85,35.3,1638.7,33.64,1.935,79.8,Normal
2026-09-06 20:10:00,M02,27.02,34.75,1815.1,34.35,3.076,142.2,Normal
2026-09-06 20:20:00,M03,21.63,33.85,1937.1,58.71,2.444,118.8,Normal
2026-09-06 20:30:00,M03,26.15,34.4,1771.7,31.49,2.27,227.0,Normal
2026-09-06 20:40:00,M01,25.5,35.82,2033.3,64.41,2.848,179.4,Normal
2026-09-06 20:50:00,M01,26.48,34.83,1906.2,44.37,1.907,175.3,Normal
2026-09-06 21:00:00,M02,25.87,34.98,1364.4,40.92,2.225,11.1,Normal
2026-09-06 21:10:00,M01,32.37,41.11,1694.1,44.76,2.597,131.9,Normal
2026-09-06 21:20:00,M03,23.09,32.17,1687.6,65.3,2.1,112.1,Normal
2026-09-06 21:30:00,M03,23.41,32.6,1895.9,30.06,3.035,222.7,Normal
2026-09-06 21:40:00,M03,23.13,32.31,1275.0,28.8,3.995,61.8,Normal
2026-09-06 21:50:00,M02,23.33,34.58,2309.8,32.45,1.897,64.8,Normal
2026-09-06 22:00:00,M01,23.09,31.43,1906.2,40.32,1.168,98.7,Normal
2026-09-06 22:10:00,M03,28.57,38.9,1829.8,22.74,0.899,58.4,Normal
2026-09-06 22:20:00,M01,29.26,41.09,2036.3,40.22,2.38,31.0,Normal
2026-09-06 22:30:00,M01,23.29,32.52,2268.7,56.94,1.969,205.8,Normal
2026-09-06 22:40:00,M01,22.5,31.43,1974.1,41.51,2.666,134.0,Normal
2026-09-06 22:50:00,M01,26.41,36.07,1989.8,37.07,2.606,206.7,Normal
2026-09-06 23:00:00,M02,23.34,35.11,1826.1,33.82,1.217,199.5,Normal
2026-09-06 23:10:00,M02,26.9,37.19,1771.7,48.99,1.048,67.7,Normal
2026-09-06 23:20:00,M02,25.61,34.81,1704.8,31.74,2.737,131.5,Normal
2026-09-06 23:30:00,M03,20.45,31.18,1634.8,58.46,2.608,20.0,Normal
2026-09-06 23:40:00,M03,29.64,37.99,1662.6,59.33,2.159,219.7,Normal
2026-09-06 23:50:00,M03,30.39,41.41,1529.9,42.57,1.174,97.0,Normal
2026-09-07 00:00:00,M02,23.16,33.77,1784.8,39.88,2.877,94.5,Normal
2026-09-07 00:10:00,M01,23.84,33.38,1463.1,50.31,3.518,72.7,Normal
2026-09-07 00:20:00,M02,25.86,34.6,1838.2,50.95,2.722,110.6,Normal
2026-09-07 00:30:00,M03,26.0,34.67,1792.7,31.94,1.822,60.4,Normal
2026-09-07 00:40:00,M03,26.98,37.78,1829.4,34.73,2.536,90.0,Normal
2026-09-07 00:50:00,M01,31.03,42.87,1695.6,26.78,1.407,192.0,Normal
2026-09-07 01:00:00,M02,24.47,33.51,2415.4,44.09,3.346,200.2,Normal
2026-09-07 01:10:00,M01,22.61,33.29,2072.0,46.67,2.565,73.0,Normal
2026-09-07 01:20:00,M02,20.86,27.73,1551.1,26.5,1.085,112.6,Normal
2026-09-07 01:30:00,M03,22.81,31.93,1846.6,35.45,2.259,209.7,Normal
2026-09-07 01:40:00,M01,24.9,34.85,1678.4,26.53,2.871,12.6,Normal
2026-09-07 01:50:00,M01,30.38,39.02,1597.1,31.01,2.234,213.4,Normal
2026-09-07 02:00:00,M02,23.45,32.04,1532.0,45.51,2.279,52.6,Normal
2026-09-07 02:10:00,M02,25.67,34.67,1886.4,32.67,1.52,162.8,Normal
2026-09-07 02:20:00,M02,24.95,35.39,1663.7,36.99,2.953,139.8,Normal
2026-09-07 02:30:00,M03,28.57,38.28,1993.6,23.73,1.981,132.7,Normal
2026-09-07 02:40:00,M02,32.58,39.22,1998.8,41.87,0.775,206.2,Normal
2026-09-07 02:50:00,M03,23.41,30.23,2074.8,39.56,2.203,24.4,Normal
2026-09-07 03:00:00,M02,23.53,32.62,1629.5,32.71,3.285,83.3,Normal
2026-09-07 03:10:00,M02,28.13,38.82,1895.1,38.11,2.19,129.2,Normal
2026-09-07 03:20:00,M03,27.05,32.92,1926.5,41.8,3.89,194.7,Normal
2026-09-07 03:30:00,M02,30.54,39.79,1705.2,31.85,2.843,51.9,Normal
2026-09-07 03:40:00,M03,26.75,35.96,1645.6,25.24,2.771,192.7,Normal
2026-09-07 03:50:00,M03,23.92,36.0,2121.9,58.06,2.397,95.9,Normal
2026-09-07 04:00:00,M02,26.77,36.19,1845.5,33.67,2.445,45.3,Normal
2026-09-07 04:10:00,M02,28.33,38.9,1927.2,39.03,2.289,182.2,Normal
2026-09-07 04:20:00,M01,27.46,37.67,1635.6,50.11,2.258,21.8,Normal
2026-09-07 04:30:00,M02,26.52,33.33,1556.1,75.29,2.925,123.5,Normal
2026-09-07 04:40:00,M01,28.2,39.35,1686.1,27.56,1.751,15.3,Normal
2026-09-07 04:50:00,M02,28.51,38.83,1775.2,44.5,1.639,85.5,Normal
2026-09-07 05:00:00,M03,29.15,39.91,1587.2,32.92,1.601,144.3,Normal
2026-09-07 05:10:00,M03,26.95,42.84,1798.0,34.61,4.137,133.5,Normal
2026-09-07 05:20:00,M01,24.5,43.37,1462.3,32.8,2.924,97.1,Heat_Dissipation
2026-09-07 05:30:00,M02,25.44,38.03,1576.0,28.74,2.744,103.0,Normal
2026-09-07 05:40:00,M01,28.62,38.19,1934.2,39.59,1.654,54.4,Normal
2026-09-07 05:50:00,M02,22.55,32.98,1920.8,25.25,2.999,109.4,Normal
2026-09-07 06:00:00,M02,26.11,36.04,1721.6,49.47,2.407,228.8,Normal
2026-09-07 06:10:00,M03,23.82,33.18,1596.4,40.55,2.671,204.1,Normal
2026-09-07 06:20:00,M01,25.09,34.23,1594.5,44.22,1.719,34.9,Normal
2026-09-07 06:30:00,M03,28.84,39.33,1725.3,35.34,2.628,7.1,Normal
2026-09-07 06:40:00,M03,25.57,33.3,1928.9,36.33,2.161,224.0,Normal
2026-09-07 06:50:00,M03,25.14,36.27,1985.6,42.88,1.888,126.4,Normal
2026-09-07 07:00:00,M01,20.92,30.3,1700.7,28.36,3.087,129.1,Normal
2026-09-07 07:10:00,M02,27.24,35.54,1569.3,36.42,1.27,187.4,Normal
2026-09-07 07:20:00,M02,26.94,36.26,1853.6,31.4,2.952,75.5,Normal
2026-09-07 07:30:00,M01,31.49,43.38,1635.3,31.09,3.048,115.7,Normal
2026-09-07 07:40:00,M02,24.08,33.27,1696.3,18.9,1.796,232.5,Normal
2026-09-07 07:50:00,M01,25.66,36.2,2065.1,53.39,1.844,161.3,Normal
2026-09-07 08:00:00,M01,25.75,34.65,1965.4,33.13,2.322,36.9,Normal
2026-09-07 08:10:00,M02,29.73,40.87,1831.6,51.63,2.726,32.0,Normal
2026-09-07 08:20:00,M03,24.71,35.74,1545.6,50.69,2.378,49.0,Normal
2026-09-07 08:30:00,M01,25.84,38.61,1842.3,27.14,2.847,184.0,Normal
2026-09-07 08:40:00,M01,26.82,36.56,2012.5,29.12,3.91,70.9,Normal
2026-09-07 08:50:00,M01,25.56,36.56,1724.9,65.61,2.094,5.1,Normal
2026-09-07 09:00:00,M01,23.66,33.81,2070.2,57.51,1.128,226.6,Normal
2026-09-07 09:10:00,M02,25.58,37.53,2058.5,39.68,3.161,40.7,Normal
2026-09-07 09:20:00,M02,28.22,37.14,2132.7,42.57,3.847,2.3,Normal
2026-09-07 09:30:00,M01,21.92,33.04,1861.0,33.69,2.814,56.9,Normal
2026-09-07 09:40:00,M03,25.4,35.11,1917.5,44.32,1.63,56.4,Normal
2026-09-07 09:50:00,M02,22.9,32.8,2082.8,32.83,2.401,101.3,Normal
2026-09-07 10:00:00,M03,28.59,38.72,1889.5,19.68,1.605,220.9,Normal
2026-09-07 10:10:00,M03,20.43,30.81,1699.8,26.78,3.014,211.0,Normal
2026-09-07 10:20:00,M01,23.32,33.15,1710.3,40.21,1.419,109.7,Normal
2026-09-07 10:30:00,M02,26.13,36.45,1847.7,28.69,2.26,98.6,Normal
2026-09-07 10:40:00,M01,29.7,42.06,1541.9,39.33,1.697,133.2,Normal
2026-09-07 10:50:00,M01,24.8,36.28,1771.3,29.25,2.601,58.4,Normal
2026-09-07 11:00:00,M03,23.33,34.64,2019.3,32.18,2.207,12.5,Normal
2026-09-07 11:10:00,M03,30.64,39.96,1361.7,48.53,2.641,225.4,Normal
2026-09-07 11:20:00,M03,20.66,29.32,2106.9,42.47,2.518,44.8,Normal
2026-09-07 11:30:00,M01,18.4,29.84,2024.5,39.9,1.711,47.6,Normal
2026-09-07 11:40:00,M01,26.32,37.63,1708.0,48.79,3.002,113.4,Normal
2026-09-07 11:50:00,M01,23.49,35.7,1908.7,44.81,2.461,118.0,Normal
2026-09-07 12:00:00,M01,21.94,31.03,1800.6,54.47,1.709,4.4,Normal
2026-09-07 12:10:00,M01,27.13,36.78,2046.0,35.4,4.293,35.5,Normal
2026-09-07 12:20:00,M01,25.73,33.27,1996.5,35.7,2.881,90.8,Normal
2026-09-07 12:30:00,M01,23.31,32.72,1520.0,26.99,2.377,164.1,Normal
2026-09-07 12:40:00,M01,21.16,32.65,1917.5,35.71,3.632,54.8,Normal
2026-09-07 12:50:00,M02,27.62,36.92,1758.9,49.65,3.973,101.5,Normal
2026-09-07 13:00:00,M02,26.95,37.91,1816.6,53.0,2.384,133.8,Normal
2026-09-07 13:10:00,M02,24.7,34.42,1654.4,49.6,2.778,213.3,Normal
2026-09-07 13:20:00,M02,30.54,41.03,2149.6,22.06,1.71,78.3,Normal
2026-09-07 13:30:00,M01,21.79,30.07,2008.0,50.83,2.382,32.1,Normal
2026-09-07 13:40:00,M01,20.42,30.55,1652.0,21.61,2.341,117.4,Normal
2026-09-07 13:50:00,M03,22.92,28.44,1533.1,48.98,2.648,179.2,Normal
2026-09-07 14:00:00,M03,24.86,34.58,1722.9,36.32,2.766,26.4,Normal
2026-09-07 14:10:00,M02,25.73,33.28,1886.9,47.03,2.948,101.9,Normal
2026-09-07 14:20:00,M03,24.28,36.09,1848.0,26.68,2.69,4.3,Normal
2026-09-07 14:30:00,M02,26.06,37.22,2050.6,51.71,1.531,8.1,Normal
2026-09-07 14:40:00,M01,21.25,31.95,1958.0,25.35,1.749,115.9,Normal
2026-09-07 14:50:00,M01,29.33,41.61,1993.9,33.32,2.063,71.6,Normal
2026-09-07 15:00:00,M03,24.75,33.33,1865.4,30.02,2.274,202.8,Normal
2026-09-07 15:10:00,M01,28.35,40.97,1522.1,22.46,3.341,144.5,Normal
2026-09-07 15:20:00,M01,26.03,37.43,1760.9,40.95,1.57,108.9,Normal
2026-09-07 15:30:00,M02,26.37,36.02,2012.0,58.06,2.214,97.9,Normal
2026-09-07 15:40:00,M03,26.71,38.41,1789.7,66.67,3.262,119.3,Normal
2026-09-07 15:50:00,M01,26.34,34.68,1900.6,40.97,2.26,9.7,Normal
2026-09-07 16:00:00,M03,26.93,35.69,1736.3,51.17,2.868,214.3,Normal
2026-09-07 16:10:00,M01,28.99,38.07,1594.0,42.32,2.388,239.6,Normal
2026-09-07 16:20:00,M02,25.59,34.8,1775.3,44.99,2.705,43.6,Normal
2026-09-07 16:30:00,M01,27.13,35.54,1861.8,36.58,2.317,28.9,Normal
2026-09-07 16:40:00,M03,24.73,36.57,1668.9,41.95,3.034,34.5,Normal
2026-09-07 16:50:00,M03,29.32,38.93,1752.9,45.37,1.264,158.6,Normal
2026-09-07 17:00:00,M02,22.97,33.5,1612.1,34.22,2.209,158.7,Normal
2026-09-07 17:10:00,M01,30.4,39.55,2023.8,39.23,2.737,203.5,Normal
2026-09-07 17:20:00,M02,24.88,32.15,1741.1,39.42,2.927,180.4,Normal
2026-09-07 17:30:00,M03,20.71,31.11,2090.6,48.26,3.694,107.9,Normal
2026-09-07 17:40:00,M02,25.38,32.52,2105.7,29.34,2.187,147.1,Normal
2026-09-07 17:50:00,M01,22.96,32.85,1783.8,39.48,3.684,165.2,Normal
2026-09-07 18:00:00,M01,27.52,35.47,1598.3,59.12,1.973,123.1,Normal
2026-09-07 18:10:00,M02,23.04,36.02,1382.8,51.64,3.563,114.2,Normal
2026-09-07 18:20:00,M03,23.66,35.03,1505.6,53.49,3.154,154.8,Normal
2026-09-07 18:30:00,M03,19.33,29.49,1525.2,40.24,1.769,133.8,Normal
2026-09-07 18:40:00,M02,23.64,35.54,2075.7,43.21,2.746,154.5,Normal
2026-09-07 18:50:00,M01,17.73,26.46,1823.2,50.02,2.459,147.1,Normal
2026-09-07 19:00:00,M01,20.25,31.06,1877.9,55.6,3.0,172.6,Normal
2026-09-07 19:10:00,M01,27.28,37.58,1355.9,20.48,2.321,154.3,Normal
2026-09-07 19:20:00,M01,27.36,37.75,1560.4,26.85,2.254,124.7,Normal
2026-09-07 19:30:00,M03,26.28,38.18,1977.4,53.09,3.595,163.6,Normal
2026-09-07 19:40:00,M01,22.1,33.2,1857.4,37.23,2.421,107.9,Normal
2026-09-07 19:50:00,M02,24.86,35.29,1770.6,33.28,3.161,58.0,Normal
2026-09-07 20:00:00,M02,24.99,32.51,1913.0,27.46,2.32,0.3,Normal
2026-09-07 20:10:00,M02,21.52,30.08,2127.2,34.45,3.833,134.4,Normal
2026-09-07 20:20:00,M02,29.51,39.33,1755.8,25.98,1.957,141.8,Normal
2026-09-07 20:30:00,M01,27.63,37.77,1813.9,60.91,2.009,233.3,Normal
2026-09-07 20:40:00,M03,24.34,32.64,1838.5,39.78,3.72,86.8,Normal
2026-09-07 20:50:00,M01,25.08,38.7,2278.4,39.42,2.144,94.6,Normal
2026-09-07 21:00:00,M03,25.63,37.9,1380.1,45.88,3.781,48.4,Normal
2026-09-07 21:10:00,M01,18.87,29.78,1936.6,49.62,3.213,16.9,Normal
2026-09-07 21:20:00,M03,24.26,34.37,1777.0,49.46,2.376,185.5,Normal
2026-09-07 21:30:00,M02,22.95,32.64,1913.4,50.74,1.049,59.9,Normal
2026-09-07 21:40:00,M02,22.0,30.57,1668.5,33.69,2.485,146.1,Normal
2026-09-07 21:50:00,M03,24.16,34.27,1790.2,37.02,2.581,165.1,Normal
2026-09-07 22:00:00,M03,30.39,40.78,1942.3,47.69,3.434,113.1,Normal
2026-09-07 22:10:00,M03,26.92,35.06,2422.6,34.73,3.771,210.3,Normal
2026-09-07 22:20:00,M02,23.29,33.79,1961.6,39.95,1.952,106.5,Normal
2026-09-07 22:30:00,M02,26.72,36.48,1630.4,43.99,3.141,68.4,Normal
2026-09-07 22:40:00,M01,29.2,36.34,1715.2,47.85,3.112,215.0,Normal
2026-09-07 22:50:00,M03,27.77,36.48,1709.3,22.22,3.359,206.8,Normal
2026-09-07 23:00:00,M03,25.18,34.56,1440.9,47.15,2.899,39.4,Normal
2026-09-07 23:10:00,M03,23.06,35.89,1734.0,37.66,0.946,6.2,Normal
2026-09-07 23:20:00,M02,27.09,37.93,1946.6,47.07,2.376,21.6,Normal
2026-09-07 23:30:00,M03,26.18,34.18,1545.2,47.77,1.575,68.8,Normal
2026-09-07 23:40:00,M03,27.69,38.41,2009.7,56.08,2.338,233.3,Normal
2026-09-07 23:50:00,M02,26.91,34.58,1897.6,53.53,3.284,134.0,Normal
2026-09-08 00:00:00,M03,28.15,39.77,1653.2,53.47,2.744,89.6,Normal
2026-09-08 00:10:00,M01,23.39,32.69,1771.7,54.44,3.418,213.3,Normal
2026-09-08 00:20:00,M02,28.95,38.81,2119.7,42.91,2.773,108.8,Normal
2026-09-08 00:30:00,M02,25.59,37.58,1946.7,40.32,1.461,75.7,Normal
2026-09-08 00:40:00,M02,31.23,39.3,1801.8,48.73,0.483,225.9,Normal
2026-09-08 00:50:00,M01,22.93,30.84,1752.5,47.32,2.619,203.9,Normal
2026-09-08 01:00:00,M02,30.21,39.33,1815.3,36.91,2.329,202.5,Normal
2026-09-08 01:10:00,M02,25.59,37.15,1697.6,44.05,1.718,122.9,Normal
2026-09-08 01:20:00,M02,23.05,42.77,1379.1,39.65,1.139,189.5,Heat_Dissipation
2026-09-08 01:30:00,M02,23.55,29.3,2208.4,31.46,1.912,43.0,Normal
2026-09-08 01:40:00,M01,24.04,33.36,1831.1,52.9,2.344,137.6,Normal
2026-09-08 01:50:00,M03,26.27,37.1,1879.6,40.55,3.033,236.1,Normal
2026-09-08 02:00:00,M03,26.57,38.37,1788.4,60.49,2.651,69.8,Normal
2026-09-08 02:10:00,M02,23.28,32.58,1653.0,23.75,3.786,190.6,Normal
2026-09-08 02:20:00,M01,24.93,34.31,1762.8,34.43,1.672,117.7,Normal
2026-09-08 02:30:00,M02,31.43,43.16,1480.1,40.33,3.205,9.6,Normal
2026-09-08 02:40:00,M03,30.18,37.38,2255.4,51.37,2.538,183.1,Normal
2026-09-08 02:50:00,M03,26.31,35.73,1553.1,43.99,3.056,40.5,Normal
2026-09-08 03:00:00,M01,25.11,35.4,1593.6,43.1,2.151,151.6,Normal
2026-09-08 03:10:00,M03,25.36,36.03,1711.9,28.73,3.357,20.6,Normal
2026-09-08 03:20:00,M02,26.84,36.08,2057.6,28.43,2.736,227.2,Normal
2026-09-08 03:30:00,M01,21.93,31.98,1802.9,43.23,1.956,70.0,Normal
2026-09-08 03:40:00,M03,24.23,30.5,1552.8,26.36,2.49,54.4,Normal
2026-09-08 03:50:00,M02,19.99,29.01,2050.9,34.68,2.308,31.0,Normal
2026-09-08 04:00:00,M01,26.2,36.88,1946.2,45.01,2.891,227.0,Normal
2026-09-08 04:10:00,M02,26.94,35.47,1907.7,30.18,1.556,170.9,Normal
2026-09-08 04:20:00,M03,23.55,33.64,1943.1,56.05,2.477,178.0,Normal
2026-09-08 04:30:00,M02,29.72,40.39,2278.9,52.24,2.816,119.9,Normal
2026-09-08 04:40:00,M01,21.32,30.81,2237.0,24.29,2.526,113.9,Normal
2026-09-08 04:50:00,M02,20.61,30.86,1662.7,30.68,3.578,26.4,Normal
2026-09-08 05:00:00,M03,25.67,34.23,2124.8,17.14,3.119,134.4,Normal
2026-09-08 05:10:00,M01,28.14,37.83,1876.6,32.17,2.494,59.3,Normal
2026-09-08 05:20:00,M01,30.05,40.97,1899.8,47.66,2.673,234.5,Normal
2026-09-08 05:30:00,M03,23.62,33.86,1461.5,35.86,2.737,191.2,Normal
2026-09-08 05:40:00,M02,28.24,37.36,1765.9,44.61,2.823,99.1,Normal
2026-09-08 05:50:00,M02,24.88,35.22,1637.4,24.78,1.039,36.3,Normal
2026-09-08 06:00:00,M03,24.48,35.55,1965.6,47.98,2.259,188.5,Normal
2026-09-08 06:10:00,M01,27.65,34.58,2014.2,34.45,1.312,29.3,Normal
2026-09-08 06:20:00,M03,26.96,38.7,1385.1,40.12,3.523,45.4,Normal
2026-09-08 06:30:00,M01,20.27,29.77,1795.6,39.07,2.451,50.8,Normal
2026-09-08 06:40:00,M01,29.43,40.07,2024.4,27.28,2.345,133.7,Normal
2026-09-08 06:50:00,M02,29.14,40.94,1762.7,28.47,3.217,188.9,Normal
2026-09-08 07:00:00,M03,23.12,31.07,1945.8,49.68,2.838,75.4,Normal
2026-09-08 07:10:00,M01,26.19,35.12,1870.2,43.99,1.597,20.3,Normal
2026-09-08 07:20:00,M02,26.48,36.05,1868.3,50.5,2.443,111.5,Normal
2026-09-08 07:30:00,M03,25.78,34.61,1745.7,43.25,2.232,179.5,Normal
2026-09-08 07:40:00,M03,23.35,35.95,1556.7,41.43,1.104,53.2,Normal
2026-09-08 07:50:00,M01,22.99,31.7,1575.7,22.74,1.948,52.8,Normal
2026-09-08 08:00:00,M01,24.92,34.09,1941.9,37.3,2.353,227.3,Normal
2026-09-08 08:10:00,M01,28.52,38.82,1803.9,39.73,2.408,229.0,Normal
2026-09-08 08:20:00,M03,26.63,34.83,1772.3,59.53,1.314,237.7,Normal
2026-09-08 08:30:00,M01,23.89,33.29,1715.2,46.87,3.421,193.8,Normal
2026-09-08 08:40:00,M03,27.32,37.79,1739.0,55.36,2.418,45.2,Normal
2026-09-08 08:50:00,M02,16.45,25.96,2009.4,45.98,2.53,50.9,Normal
2026-09-08 09:00:00,M03,28.45,38.31,1733.0,32.89,2.821,81.7,Normal
2026-09-08 09:10:00,M01,19.78,28.99,1531.8,41.17,1.87,76.4,Normal
2026-09-08 09:20:00,M03,23.91,31.64,1948.7,42.36,2.865,229.6,Normal
2026-09-08 09:30:00,M01,21.64,32.12,1759.0,30.61,2.206,189.4,Normal
2026-09-08 09:40:00,M02,21.12,33.75,1806.3,36.16,1.783,173.8,Normal
2026-09-08 09:50:00,M01,28.48,38.51,2121.5,37.94,2.959,44.6,Normal
2026-09-08 10:00:00,M01,23.6,33.93,1795.9,56.06,3.693,218.3,Normal
2026-09-08 10:10:00,M01,26.04,37.08,1857.8,19.19,3.08,198.7,Normal
2026-09-08 10:20:00,M01,24.86,32.96,1564.2,52.06,3.238,39.3,Normal
2026-09-08 10:30:00,M01,26.43,38.98,1756.1,30.63,2.083,209.1,Normal
2026-09-08 10:40:00,M01,25.23,35.53,1921.9,26.28,1.222,65.3,Normal
2026-09-08 10:50:00,M02,21.15,33.6,1488.9,51.8,3.692,19.4,Normal
2026-09-08 11:00:00,M02,27.99,36.89,1840.2,47.32,4.144,157.6,Normal
2026-09-08 11:10:00,M03,23.52,36.25,1820.2,52.55,3.734,156.9,Normal
2026-09-08 11:20:00,M01,20.33,31.49,1808.3,48.01,2.231,22.8,Normal
2026-09-08 11:30:00,M03,23.72,34.55,2007.4,60.6,1.576,76.5,Normal
2026-09-08 11:40:00,M02,29.5,39.85,1866.9,45.59,1.647,238.3,Normal
2026-09-08 11:50:00,M02,27.55,37.18,2095.6,38.44,1.153,162.8,Normal
2026-09-08 12:00:00,M01,23.95,35.75,1601.3,43.43,2.414,175.2,Normal
2026-09-08 12:10:00,M01,23.95,34.16,1827.2,52.43,3.785,51.1,Normal
2026-09-08 12:20:00,M03,24.04,31.08,1816.9,32.21,2.387,18.9,Normal
2026-09-08 12:30:00,M02,31.23,39.55,1586.1,33.48,2.742,66.5,Normal
2026-09-08 12:40:00,M03,26.15,35.87,1991.3,36.91,3.6,59.7,Normal
2026-09-08 12:50:00,M03,26.29,36.76,2264.9,18.95,2.177,56.3,Normal
2026-09-08 13:00:00,M03,28.09,38.01,1796.6,41.38,4.128,46.3,Normal
2026-09-08 13:10:00,M01,25.72,37.54,1901.0,21.14,4.094,137.9,Normal
2026-09-08 13:20:00,M02,24.22,31.3,1816.9,40.53,2.395,78.7,Normal
2026-09-08 13:30:00,M03,24.41,34.63,1657.3,48.65,2.038,196.9,Normal
2026-09-08 13:40:00,M02,24.79,44.06,1435.8,35.23,3.058,44.1,Heat_Dissipation
2026-09-08 13:50:00,M02,24.89,36.03,1658.8,56.77,2.222,111.5,Normal
2026-09-08 14:00:00,M03,27.18,37.04,1521.6,25.39,1.575,3.3,Normal
2026-09-08 14:10:00,M03,25.16,35.79,2140.8,51.91,3.525,115.6,Normal
2026-09-08 14:20:00,M01,27.2,35.9,1777.0,46.75,3.473,13.4,Normal
2026-09-08 14:30:00,M02,24.76,36.68,1730.8,22.84,2.624,234.7,Normal
2026-09-08 14:40:00,M03,25.24,36.8,1977.8,67.11,1.49,189.7,Normal
2026-09-08 14:50:00,M03,19.01,29.88,1575.6,39.36,1.516,117.6,Normal
2026-09-08 15:00:00,M02,27.75,37.55,1646.6,31.23,2.586,20.8,Normal
2026-09-08 15:10:00,M03,26.04,36.91,1813.6,25.93,2.1,142.2,Normal
2026-09-08 15:20:00,M02,27.99,36.93,2005.8,37.8,2.227,182.1,Normal
2026-09-08 15:30:00,M03,16.31,27.59,1900.3,38.73,3.318,45.8,Normal
2026-09-08 15:40:00,M02,31.27,43.74,1849.7,41.03,3.087,136.4,Normal
2026-09-08 15:50:00,M03,24.58,36.19,1815.6,37.02,3.603,195.4,Normal
2026-09-08 16:00:00,M03,28.32,37.23,1880.0,46.33,1.708,184.4,Normal
2026-09-08 16:10:00,M01,21.88,32.42,1840.3,36.12,2.225,192.7,Normal
2026-09-08 16:20:00,M02,26.84,34.9,1594.0,20.65,3.107,211.0,Normal
2026-09-08 16:30:00,M01,21.84,32.7,1809.2,38.51,2.858,225.0,Normal
2026-09-08 16:40:00,M03,23.13,33.8,1585.3,16.33,3.726,97.3,Normal
2026-09-08 16:50:00,M02,30.74,37.94,1816.2,43.54,2.836,136.5,Normal
2026-09-08 17:00:00,M02,24.43,32.69,1703.9,30.21,3.978,189.8,Normal
2026-09-08 17:10:00,M03,25.65,35.23,2307.9,41.63,2.932,167.3,Normal
2026-09-08 17:20:00,M03,27.61,37.16,1792.0,53.14,3.35,238.9,Normal
2026-09-08 17:30:00,M03,26.49,34.67,1519.2,30.51,2.241,3.3,Normal
2026-09-08 17:40:00,M03,25.45,36.03,1773.2,50.61,2.511,85.2,Normal
2026-09-08 17:50:00,M02,26.09,36.47,1903.9,35.67,3.229,67.4,Normal
2026-09-08 18:00:00,M01,32.21,41.92,2134.7,57.53,3.79,63.0,Normal
2026-09-08 18:10:00,M02,24.83,33.69,1682.1,36.35,3.083,53.4,Normal
2026-09-08 18:20:00,M02,25.6,37.18,1483.5,31.6,2.433,170.2,Normal
2026-09-08 18:30:00,M02,28.15,40.64,1963.4,46.87,3.602,20.3,Normal
2026-09-08 18:40:00,M02,28.32,37.59,1523.9,35.64,0.746,178.0,Normal
2026-09-08 18:50:00,M03,28.56,37.64,1712.8,31.59,1.362,166.4,Normal
2026-09-08 19:00:00,M01,26.92,37.65,1748.5,35.22,3.045,60.2,Normal
2026-09-08 19:10:00,M02,21.57,31.03,1786.1,39.55,2.511,60.7,Normal
2026-09-08 19:20:00,M02,29.9,39.69,1937.8,53.42,2.984,150.9,Normal
2026-09-08 19:30:00,M01,21.56,32.67,1663.3,20.66,2.552,182.9,Normal
2026-09-08 19:40:00,M03,25.91,33.04,1745.3,40.23,2.957,210.4,Normal
2026-09-08 19:50:00,M02,22.74,34.71,1797.1,46.25,1.848,204.5,Normal
2026-09-08 20:00:00,M03,24.81,34.92,1829.9,41.93,2.956,231.6,Normal
2026-09-08 20:10:00,M02,25.99,35.37,1819.6,53.1,3.296,139.5,Normal
2026-09-08 20:20:00,M02,25.96,35.83,1887.2,39.26,3.476,218.1,Normal
2026-09-08 20:30:00,M01,26.27,36.21,1968.8,38.15,4.111,194.0,Normal
2026-09-08 20:40:00,M01,29.84,37.24,1878.5,45.92,2.695,214.7,Normal
2026-09-08 20:50:00,M03,26.36,38.6,1890.7,40.99,2.719,2.8,Normal
2026-09-08 21:00:00,M02,24.27,34.33,1483.6,36.1,1.281,231.8,Normal
2026-09-08 21:10:00,M03,27.89,38.56,1810.0,45.16,2.075,113.6,Normal
2026-09-08 21:20:00,M01,28.57,40.0,1895.9,33.47,2.346,191.6,Normal
2026-09-08 21:30:00,M01,21.32,29.79,1945.8,33.89,3.34,30.5,Normal
2026-09-08 21:40:00,M01,26.79,37.5,1661.5,34.72,2.011,95.0,Normal
2026-09-08 21:50:00,M01,27.1,36.7,1668.2,53.53,3.137,65.2,Normal
2026-09-08 22:00:00,M01,24.11,35.38,1685.2,7.79,2.499,70.0,Normal
2026-09-08 22:10:00,M03,29.13,35.94,1907.3,43.96,2.358,29.6,Normal
2026-09-08 22:20:00,M03,24.55,34.4,2006.8,40.34,2.699,193.4,Normal
2026-09-08 22:30:00,M01,25.38,34.47,1718.5,23.19,2.187,2.2,Normal
2026-09-08 22:40:00,M02,24.48,35.13,1981.6,43.1,2.157,75.0,Normal
2026-09-08 22:50:00,M02,25.05,35.75,1824.7,44.76,1.136,41.9,Normal
2026-09-08 23:00:00,M02,21.71,30.65,1775.1,45.9,2.302,141.4,Normal
2026-09-08 23:10:00,M02,20.68,29.61,1757.7,13.48,2.116,61.0,Normal
2026-09-08 23:20:00,M02,29.78,39.62,1949.3,53.66,2.087,62.2,Normal
2026-09-08 23:30:00,M01,22.46,31.11,1865.1,32.62,2.833,117.2,Normal
2026-09-08 23:40:00,M03,22.03,33.29,2255.2,46.87,3.027,156.6,Normal
2026-09-08 23:50:00,M01,18.54,27.99,1629.6,47.41,2.686,29.1,Normal
2026-09-09 00:00:00,M02,23.08,28.72,1903.6,31.23,3.296,42.1,Normal
2026-09-09 00:10:00,M02,21.03,30.47,1694.2,46.6,2.96,59.3,Normal
2026-09-09 00:20:00,M03,29.93,38.37,1626.1,36.15,2.264,233.7,Normal
2026-09-09 00:30:00,M01,28.03,35.58,1797.8,19.29,2.13,95.3,Normal
2026-09-09 00:40:00,M03,22.94,31.08,1827.5,51.68,2.75,143.8,Normal
2026-09-09 00:50:00,M02,31.76,41.92,2383.6,32.25,2.959,58.0,Normal
2026-09-09 01:00:00,M02,27.95,39.94,1763.2,31.46,3.618,117.7,Normal
2026-09-09 01:10:00,M03,24.03,34.5,1574.0,35.97,3.453,17.8,Normal
2026-09-09 01:20:00,M02,17.5,26.59,1854.6,42.72,2.067,8.3,Normal
2026-09-09 01:30:00,M01,31.87,42.56,1385.1,39.43,2.418,112.5,Normal
2026-09-09 01:40:00,M02,20.83,30.14,1781.6,45.48,3.037,95.7,Normal
2026-09-09 01:50:00,M02,20.06,29.02,1803.2,26.61,3.354,32.9,Normal
2026-09-09 02:00:00,M01,28.07,36.34,1958.9,32.58,3.251,165.0,Normal
2026-09-09 02:10:00,M02,32.32,39.69,1994.7,38.84,2.449,238.3,Normal
2026-09-09 02:20:00,M03,29.15,38.57,1699.3,58.98,1.497,95.0,Normal
2026-09-09 02:30:00,M03,26.69,36.93,1769.9,38.86,1.701,149.9,Normal
2026-09-09 02:40:00,M02,26.78,36.64,1646.8,50.85,2.718,231.1,Normal
2026-09-09 02:50:00,M01,27.56,36.94,1574.4,40.39,2.774,199.6,Normal
2026-09-09 03:00:00,M01,27.28,35.86,1862.0,35.16,1.621,111.3,Normal
2026-09-09 03:10:00,M03,25.84,36.76,1545.3,37.53,2.536,177.0,Normal
2026-09-09 03:20:00,M02,25.31,33.34,1717.1,38.32,3.005,30.8,Normal
2026-09-09 03:30:00,M01,24.81,35.98,1601.0,46.04,1.579,122.9,Normal
2026-09-09 03:40:00,M01,22.74,31.23,1909.9,53.75,3.384,67.0,Normal
2026-09-09 03:50:00,M03,24.16,33.03,2160.3,43.6,2.198,38.7,Normal
2026-09-09 04:00:00,M03,19.92,27.72,1539.7,51.87,3.506,102.3,Normal
2026-09-09 04:10:00,M01,24.7,33.95,1429.4,30.35,2.073,31.4,Normal
2026-09-09 04:20:00,M03,22.03,33.5,1775.0,35.85,1.679,167.8,Normal
2026-09-09 04:30:00,M01,21.69,32.46,1803.1,32.76,2.133,109.5,Normal
2026-09-09 04:40:00,M02,25.54,37.01,1843.7,43.14,2.424,127.5,Normal
2026-09-09 04:50:00,M03,29.18,39.96,1710.7,36.41,2.189,35.1,Normal
2026-09-09 05:00:00,M03,27.75,36.1,1759.9,47.3,2.327,33.5,Normal
2026-09-09 05:10:00,M02,20.29,29.79,1873.5,30.69,2.767,140.0,Normal
2026-09-09 05:20:00,M01,22.03,30.86,2008.1,40.43,2.363,236.4,Normal
2026-09-09 05:30:00,M01,27.82,39.82,1409.0,46.87,2.447,23.1,Normal
2026-09-09 05:40:00,M03,22.05,30.26,1726.2,19.35,1.133,68.6,Normal
2026-09-09 05:50:00,M01,24.33,35.67,1842.8,61.22,2.813,208.7,Normal
2026-09-09 06:00:00,M01,26.65,37.99,1616.4,37.17,2.429,17.3,Normal
2026-09-09 06:10:00,M02,22.09,34.84,2146.2,19.75,3.788,210.2,Normal
2026-09-09 06:20:00,M02,25.32,34.7,1672.9,41.58,1.748,125.8,Normal
2026-09-09 06:30:00,M02,21.0,32.07,1791.7,40.33,1.053,98.0,Normal
2026-09-09 06:40:00,M03,23.2,36.62,1911.2,39.18,2.994,74.3,Normal
2026-09-09 06:50:00,M02,25.96,35.03,1681.7,49.91,2.777,71.3,Normal
2026-09-09 07:00:00,M02,20.22,39.92,1430.7,47.47,1.693,73.4,Heat_Dissipation
2026-09-09 07:10:00,M01,26.32,33.5,1714.3,42.98,1.276,212.4,Normal
2026-09-09 07:20:00,M02,24.94,36.01,2005.9,44.5,3.73,173.7,Normal
2026-09-09 07:30:00,M03,26.66,33.83,1732.6,38.96,3.631,160.7,Normal
2026-09-09 07:40:00,M02,25.67,35.11,1630.7,57.75,0.51,191.7,Normal
2026-09-09 07:50:00,M03,29.09,39.75,1985.1,25.21,2.133,61.7,Normal
2026-09-09 08:00:00,M01,25.38,35.65,1733.8,41.4,3.831,148.3,Normal
2026-09-09 08:10:00,M01,23.71,34.35,1698.0,40.65,2.119,110.4,Normal
2026-09-09 08:20:00,M02,25.37,35.7,1829.9,48.13,2.108,187.8,Normal
2026-09-09 08:30:00,M01,26.63,38.55,1954.2,31.56,2.274,74.2,Normal
2026-09-09 08:40:00,M02,25.15,33.72,2276.3,22.56,1.603,154.4,Normal
2026-09-09 08:50:00,M01,25.12,34.11,1965.4,41.57,1.136,211.7,Normal
2026-09-09 09:00:00,M03,22.89,31.74,2032.0,42.81,3.342,96.5,Normal
2026-09-09 09:10:00,M01,23.01,34.26,1698.8,54.9,1.026,16.0,Normal
2026-09-09 09:20:00,M02,20.79,32.14,1594.8,27.3,2.698,123.9,Normal
2026-09-09 09:30:00,M02,30.25,40.93,1812.5,51.55,3.209,83.0,Normal
2026-09-09 09:40:00,M02,21.27,33.04,1821.4,63.67,1.339,161.3,Normal
2026-09-09 09:50:00,M03,22.92,31.15,1584.3,36.22,1.761,228.2,Normal
2026-09-09 10:00:00,M01,22.84,35.35,1764.9,27.09,3.471,116.5,Normal
2026-09-09 10:10:00,M02,27.68,39.97,1879.9,35.93,2.926,111.9,Normal
2026-09-09 10:20:00,M03,24.12,35.22,1872.1,40.14,2.006,157.1,Normal
2026-09-09 10:30:00,M03,28.74,41.42,1900.9,45.64,3.462,24.8,Normal
2026-09-09 10:40:00,M03,22.98,30.49,1858.2,34.09,3.465,60.8,Normal
2026-09-09 10:50:00,M01,25.84,35.05,1698.6,55.55,2.715,220.6,Normal
2026-09-09 11:00:00,M01,22.49,31.39,1697.2,28.85,1.78,160.8,Normal
2026-09-09 11:10:00,M01,31.44,42.52,1560.2,22.61,2.169,3.2,Normal
2026-09-09 11:20:00,M03,21.44,29.86,2157.0,51.07,2.729,49.1,Normal
2026-09-09 11:30:00,M01,25.93,37.07,1802.7,17.25,2.349,163.9,Normal
2026-09-09 11:40:00,M02,26.9,38.96,1755.0,37.96,3.251,183.5,Normal
2026-09-09 11:50:00,M03,26.24,37.28,1614.2,71.18,1.276,201.6,Normal
2026-09-09 12:00:00,M01,24.44,34.87,2387.1,39.88,1.305,70.1,Normal
2026-09-09 12:10:00,M03,24.61,33.13,1585.3,28.79,2.645,223.4,Normal
2026-09-09 12:20:00,M03,25.13,33.86,1714.2,39.43,2.107,132.7,Normal
2026-09-09 12:30:00,M01,24.56,36.43,1883.2,39.49,1.998,167.2,Normal
2026-09-09 12:40:00,M03,27.89,39.06,1920.0,41.61,1.086,143.2,Normal
2026-09-09 12:50:00,M01,31.63,41.57,1991.6,46.62,2.516,29.5,Normal
2026-09-09 13:00:00,M01,23.33,32.7,2161.5,29.61,2.458,231.1,Normal
2026-09-09 13:10:00,M01,20.89,27.85,1901.2,56.88,3.023,29.5,Normal
2026-09-09 13:20:00,M03,24.74,33.13,1588.8,42.45,2.555,61.2,Normal
2026-09-09 13:30:00,M03,32.74,45.61,1748.6,47.27,2.394,195.3,Normal
2026-09-09 13:40:00,M01,22.59,30.67,1861.6,33.72,3.442,148.5,Normal
2026-09-09 13:50:00,M03,29.92,40.2,2213.6,52.86,1.45,201.2,Normal
2026-09-09 14:00:00,M01,30.03,41.54,1520.4,37.43,2.929,123.8,Normal
2026-09-09 14:10:00,M02,23.34,31.46,2040.5,42.78,1.163,90.5,Normal
2026-09-09 14:20:00,M03,26.71,36.98,1836.0,30.67,1.829,221.2,Normal
2026-09-09 14:30:00,M03,29.89,41.29,1967.6,30.03,1.53,8.7,Normal
2026-09-09 14:40:00,M02,23.86,33.88,1779.6,46.88,3.126,205.5,Normal
2026-09-09 14:50:00,M02,24.39,38.69,1631.5,35.56,2.448,55.4,Normal
2026-09-09 15:00:00,M02,23.25,30.75,1950.2,31.46,2.489,203.7,Normal
2026-09-09 15:10:00,M01,21.96,33.54,1930.9,33.57,1.615,33.4,Normal
2026-09-09 15:20:00,M01,23.05,32.79,1994.4,46.99,2.26,139.3,Normal
2026-09-09 15:30:00,M02,21.33,32.49,1797.3,33.71,1.889,213.1,Normal
2026-09-09 15:40:00,M01,25.1,35.76,1680.0,38.82,2.807,113.6,Normal
2026-09-09 15:50:00,M03,22.69,31.59,1488.2,40.15,1.707,179.2,Normal
2026-09-09 16:00:00,M02,25.7,36.04,1963.9,20.83,3.564,193.1,Normal
2026-09-09 16:10:00,M03,20.33,27.55,1884.8,25.29,1.16,176.8,Normal
2026-09-09 16:20:00,M01,25.99,36.9,1606.8,43.36,1.855,222.1,Normal
2026-09-09 16:30:00,M02,27.5,37.95,1692.3,32.63,3.842,107.2,Normal
2026-09-09 16:40:00,M01,19.02,29.98,1706.6,50.57,2.152,41.6,Normal
2026-09-09 16:50:00,M03,26.12,37.71,1503.4,49.67,1.448,11.5,Normal
2026-09-09 17:00:00,M01,28.68,39.23,1636.5,47.19,2.675,59.2,Normal
2026-09-09 17:10:00,M03,21.37,31.59,1573.2,58.2,2.12,34.4,Normal
2026-09-09 17:20:00,M01,30.02,38.7,1717.5,39.17,1.831,133.9,Normal
2026-09-09 17:30:00,M03,26.26,35.19,1652.3,46.49,1.623,44.4,Normal
2026-09-09 17:40:00,M01,22.88,34.67,1474.6,34.16,4.715,9.3,Normal
2026-09-09 17:50:00,M02,24.83,36.99,2204.5,79.52,2.299,8.6,Overstrain
2026-09-09 18:00:00,M02,26.67,36.32,2050.5,59.84,0.96,199.6,Normal
2026-09-09 18:10:00,M01,25.23,35.3,1644.2,40.12,3.695,141.9,Normal
2026-09-09 18:20:00,M03,26.62,35.26,1854.5,43.87,2.989,85.9,Normal
2026-09-09 18:30:00,M01,22.24,34.0,1883.5,53.59,1.887,214.6,Normal
2026-09-09 18:40:00,M02,25.51,36.51,2038.2,38.53,1.754,16.8,Normal
2026-09-09 18:50:00,M03,20.76,33.67,1636.3,33.43,3.039,235.3,Normal
2026-09-09 19:00:00,M01,24.67,33.35,2018.4,48.74,2.302,147.9,Normal
2026-09-09 19:10:00,M01,22.29,31.72,1690.4,40.78,0.959,44.0,Normal
2026-09-09 19:20:00,M03,22.79,33.14,1532.8,41.83,3.93,163.0,Normal
2026-09-09 19:30:00,M01,28.71,39.68,1944.8,31.66,2.153,183.2,Normal
2026-09-09 19:40:00,M02,28.27,37.95,2058.2,22.82,3.696,103.0,Normal
2026-09-09 19:50:00,M02,26.83,35.52,2317.6,42.36,3.523,206.8,Normal
2026-09-09 20:00:00,M03,21.72,33.05,1560.1,49.05,1.699,36.2,Normal
2026-09-09 20:10:00,M01,24.05,35.13,1939.8,37.74,3.327,66.9,Normal
2026-09-09 20:20:00,M01,28.64,37.26,1718.0,54.36,1.979,22.4,Normal
2026-09-09 20:30:00,M02,25.43,37.46,1956.7,32.96,1.007,50.6,Normal
2026-09-09 20:40:00,M03,31.96,43.71,1505.9,29.45,2.16,57.3,Normal
2026-09-09 20:50:00,M03,26.18,36.38,1547.4,39.33,2.818,220.2,Normal
2026-09-09 21:00:00,M03,25.58,35.7,1644.8,39.17,2.13,18.7,Normal
2026-09-09 21:10:00,M02,24.07,34.9,1815.8,47.7,2.254,102.6,Normal
2026-09-09 21:20:00,M02,25.4,34.11,1671.8,32.25,3.415,127.8,Normal
2026-09-09 21:30:00,M03,24.54,34.59,1931.8,53.68,2.585,215.7,Normal
2026-09-09 21:40:00,M03,27.12,33.9,2005.4,59.67,1.825,239.4,Normal
2026-09-09 21:50:00,M01,27.87,39.18,1919.9,39.61,3.062,180.8,Normal
2026-09-09 22:00:00,M01,22.64,30.3,2123.8,52.5,2.658,233.0,Normal
2026-09-09 22:10:00,M03,21.01,33.26,1883.2,29.44,0.483,188.9,Normal
2026-09-09 22:20:00,M02,19.49,29.0,1556.6,50.75,2.843,231.2,Normal
2026-09-09 22:30:00,M02,26.52,36.21,2072.7,50.47,2.813,169.7,Normal
2026-09-09 22:40:00,M01,21.69,30.75,1679.0,48.63,2.516,19.1,Normal
2026-09-09 22:50:00,M03,18.54,28.11,1982.1,39.84,3.213,96.5,Normal
2026-09-09 23:00:00,M02,26.17,38.29,2114.7,10.46,1.962,155.2,Normal
2026-09-09 23:10:00,M02,32.48,38.75,1891.3,33.58,2.769,84.2,Normal
2026-09-09 23:20:00,M02,24.98,36.9,1500.8,33.74,1.246,65.6,Normal
2026-09-09 23:30:00,M02,27.52,38.02,1616.4,30.22,2.826,138.6,Normal
2026-09-09 23:40:00,M01,25.25,33.43,2064.5,41.22,8.438,224.0,Tool_Wear
2026-09-09 23:50:00,M02,24.7,33.09,1766.2,35.81,1.704,8.4,Normal
2026-09-10 00:00:00,M02,27.76,40.27,1815.9,31.75,1.892,184.6,Normal
2026-09-10 00:10:00,M03,24.13,32.71,1951.8,29.41,1.932,173.5,Normal
2026-09-10 00:20:00,M03,25.8,34.07,1939.3,32.84,2.604,231.3,Normal
2026-09-10 00:30:00,M01,25.97,37.67,1855.8,51.21,1.65,223.4,Normal
2026-09-10 00:40:00,M01,23.0,33.5,1758.3,33.39,2.837,182.9,Normal
2026-09-10 00:50:00,M01,27.98,36.57,1737.5,34.85,3.177,124.9,Normal
2026-09-10 01:00:00,M01,24.48,34.8,1971.6,35.43,2.927,49.0,Normal
2026-09-10 01:10:00,M02,22.73,31.19,1910.7,43.39,1.085,130.9,Normal
2026-09-10 01:20:00,M03,26.61,38.26,1748.5,44.56,3.296,183.7,Normal
2026-09-10 01:30:00,M02,22.3,33.9,2016.4,9.55,3.25,215.0,Normal
2026-09-10 01:40:00,M02,25.08,35.88,1774.2,50.22,3.164,189.5,Normal
2026-09-10 01:50:00,M02,24.97,35.52,1629.7,54.36,2.798,46.9,Normal
2026-09-10 02:00:00,M03,28.26,40.9,1648.2,29.5,2.676,143.9,Normal
2026-09-10 02:10:00,M01,26.42,36.42,1604.3,30.28,3.326,79.7,Normal
2026-09-10 02:20:00,M01,24.92,33.15,1745.5,35.5,4.039,2.2,Normal
2026-09-10 02:30:00,M03,27.45,38.13,2046.7,32.44,1.738,48.1,Normal
2026-09-10 02:40:00,M03,29.17,42.3,1639.0,42.24,3.363,27.2,Normal
2026-09-10 02:50:00,M01,26.67,35.15,1837.7,20.53,2.431,202.3,Normal
2026-09-10 03:00:00,M02,25.03,34.49,1668.7,28.82,2.396,62.0,Normal
2026-09-10 03:10:00,M01,21.06,31.69,1747.9,55.39,1.271,68.3,Normal
2026-09-10 03:20:00,M03,21.8,31.72,1498.0,30.72,2.272,230.4,Normal
2026-09-10 03:30:00,M01,24.08,32.61,1755.9,52.43,1.702,91.0,Normal
2026-09-10 03:40:00,M01,23.17,34.85,1761.3,43.55,2.129,2.3,Normal
2026-09-10 03:50:00,M01,24.44,37.92,1908.1,21.91,1.621,68.1,Normal
2026-09-10 04:00:00,M03,25.17,35.46,1844.7,46.35,2.141,28.6,Normal
2026-09-10 04:10:00,M03,26.59,35.23,1560.3,38.82,2.175,24.7,Normal
2026-09-10 04:20:00,M01,24.79,32.47,2016.8,35.45,2.577,18.6,Normal
2026-09-10 04:30:00,M01,26.46,36.85,1842.1,42.45,1.208,142.4,Normal
2026-09-10 04:40:00,M02,25.19,36.85,1839.7,44.75,1.344,45.4,Normal
2026-09-10 04:50:00,M02,19.07,29.79,1798.2,47.08,2.79,86.7,Normal
2026-09-10 05:00:00,M01,22.18,32.18,1696.4,51.78,1.862,206.9,Normal
2026-09-10 05:10:00,M03,24.57,33.68,1843.6,44.08,3.36,101.8,Normal
2026-09-10 05:20:00,M02,21.37,29.73,1895.1,26.24,2.68,219.8,Normal
2026-09-10 05:30:00,M01,26.8,38.05,1450.6,35.26,2.985,119.5,Normal
2026-09-10 05:40:00,M02,29.59,40.96,1692.2,69.43,3.629,95.7,Normal
2026-09-10 05:50:00,M02,28.66,36.34,1749.0,47.24,2.252,180.1,Normal
2026-09-10 06:00:00,M02,24.36,36.74,1851.2,63.69,2.04,17.6,Normal
2026-09-10 06:10:00,M03,29.47,40.33,2038.7,53.95,3.197,21.5,Normal
2026-09-10 06:20:00,M01,25.45,37.55,1645.7,42.42,2.908,156.5,Normal
2026-09-10 06:30:00,M03,23.99,31.98,1700.4,43.01,2.35,116.9,Normal
2026-09-10 06:40:00,M03,23.16,31.11,1697.5,39.63,3.613,189.7,Normal
2026-09-10 06:50:00,M02,24.09,33.87,1639.7,22.62,2.33,219.9,Normal
2026-09-10 07:00:00,M01,23.84,34.59,1730.6,40.18,2.526,93.2,Normal
2026-09-10 07:10:00,M02,25.51,38.21,1954.2,52.11,2.517,143.1,Normal
2026-09-10 07:20:00,M03,25.48,36.54,1589.2,34.0,1.752,120.2,Normal
2026-09-10 07:30:00,M03,25.01,34.65,1885.6,44.12,2.562,235.6,Normal
2026-09-10 07:40:00,M01,26.31,46.77,1459.6,48.52,3.617,199.5,Heat_Dissipation
2026-09-10 07:50:00,M03,28.57,40.42,1687.7,30.9,2.856,218.8,Normal
2026-09-10 08:00:00,M03,27.85,36.4,1734.1,35.49,2.525,61.0,Normal
2026-09-10 08:10:00,M01,20.55,32.99,2135.0,29.82,2.371,185.4,Normal
2026-09-10 08:20:00,M02,17.34,26.91,1745.0,31.78,2.765,63.7,Normal
2026-09-10 08:30:00,M01,27.8,40.19,1359.8,27.12,3.1,50.1,Normal
2026-09-10 08:40:00,M03,20.9,31.92,1400.2,31.0,2.987,226.6,Normal
2026-09-10 08:50:00,M01,24.33,34.12,1806.8,54.19,2.235,4.6,Normal
2026-09-10 09:00:00,M02,21.49,30.71,1922.8,30.85,2.76,231.7,Normal
2026-09-10 09:10:00,M03,19.59,29.08,1875.1,41.26,2.884,35.8,Normal
2026-09-10 09:20:00,M02,26.62,37.27,1833.5,34.97,1.694,196.7,Normal
2026-09-10 09:30:00,M02,27.28,37.39,2032.5,51.79,2.635,66.2,Normal
2026-09-10 09:40:00,M01,23.27,32.38,1692.1,53.11,0.771,84.2,Normal
2026-09-10 09:50:00,M02,17.23,26.98,1979.0,48.64,2.886,52.0,Normal
2026-09-10 10:00:00,M01,23.36,33.48,1473.6,43.06,3.028,140.5,Normal
2026-09-10 10:10:00,M01,26.18,32.98,1619.0,37.69,3.098,83.5,Normal
2026-09-10 10:20:00,M02,20.56,31.25,1438.6,28.08,2.184,157.8,Normal
2026-09-10 10:30:00,M01,25.55,34.08,1745.0,59.44,2.747,3.8,Normal
2026-09-10 10:40:00,M01,24.95,33.22,1790.7,32.4,3.639,15.4,Normal
2026-09-10 10:50:00,M02,26.74,34.21,1822.8,46.64,3.631,23.9,Normal
2026-09-10 11:00:00,M03,25.36,32.67,1812.4,50.6,2.477,100.6,Normal
2026-09-10 11:10:00,M01,22.08,30.05,1614.5,34.45,2.611,195.6,Normal
2026-09-10 11:20:00,M01,28.59,37.53,1762.0,50.38,3.389,213.2,Normal
2026-09-10 11:30:00,M02,24.52,37.45,1500.5,47.64,1.299,58.8,Normal
2026-09-10 11:40:00,M01,24.92,34.13,2072.6,57.28,2.242,137.8,Normal
2026-09-10 11:50:00,M02,22.2,32.47,1739.3,35.31,3.568,184.4,Normal
2026-09-10 12:00:00,M03,23.67,34.27,1702.2,27.14,3.28,69.3,Normal
2026-09-10 12:10:00,M03,22.35,32.54,2117.8,34.95,2.795,98.2,Normal
2026-09-10 12:20:00,M02,24.48,34.36,1551.6,42.09,1.295,125.8,Normal
2026-09-10 12:30:00,M03,30.14,38.34,1574.9,40.58,2.46,32.4,Normal
2026-09-10 12:40:00,M02,20.88,33.06,1580.8,36.07,2.028,6.2,Normal
2026-09-10 12:50:00,M01,20.16,32.87,1786.4,20.91,2.765,36.7,Normal
2026-09-10 13:00:00,M03,29.41,36.89,1886.3,44.7,1.853,150.4,Normal
2026-09-10 13:10:00,M01,24.37,32.84,1947.9,59.72,1.679,17.7,Normal
2026-09-10 13:20:00,M01,22.99,32.57,2314.4,44.64,0.848,45.5,Normal
2026-09-10 13:30:00,M02,28.12,36.67,1350.1,46.09,3.477,81.1,Normal
2026-09-10 13:40:00,M03,23.18,33.94,1921.7,45.72,2.18,18.7,Normal
2026-09-10 13:50:00,M03,30.48,39.39,1688.6,43.97,2.626,46.0,Normal
2026-09-10 14:00:00,M01,27.03,40.28,1682.7,49.32,2.498,218.7,Normal
2026-09-10 14:10:00,M01,23.54,35.32,1676.0,43.95,1.646,4.6,Normal
2026-09-10 14:20:00,M02,31.47,41.79,1618.2,36.87,1.493,156.8,Normal
2026-09-10 14:30:00,M03,23.18,34.72,2136.9,32.04,1.696,92.3,Normal
2026-09-10 14:40:00,M02,27.23,38.89,1968.5,37.51,1.921,161.4,Normal
2026-09-10 14:50:00,M02,25.9,35.05,1804.6,43.14,2.793,141.3,Normal
2026-09-10 15:00:00,M02,28.91,37.68,2070.2,36.84,1.863,53.6,Normal
2026-09-10 15:10:00,M03,29.68,39.8,1497.5,43.14,3.897,203.3,Normal
2026-09-10 15:20:00,M02,25.1,36.39,1533.9,44.39,3.322,118.1,Normal
2026-09-10 15:30:00,M03,22.74,32.95,1364.4,48.33,3.147,197.4,Normal
2026-09-10 15:40:00,M02,26.38,34.01,1660.1,52.83,2.404,97.4,Normal
2026-09-10 15:50:00,M01,22.97,31.76,1832.3,40.78,3.711,236.3,Normal
2026-09-10 16:00:00,M02,31.04,40.93,1820.6,26.92,2.326,184.9,Normal
2026-09-10 16:10:00,M02,25.41,35.3,1829.9,36.55,2.475,231.8,Normal
2026-09-10 16:20:00,M03,23.9,36.86,1517.8,40.44,2.636,123.4,Normal
2026-09-10 16:30:00,M01,25.55,33.48,1960.6,21.64,3.061,113.7,Normal
2026-09-10 16:40:00,M01,20.96,31.72,1847.9,53.89,3.01,181.3,Normal
2026-09-10 16:50:00,M03,22.09,34.32,1946.6,41.42,2.12,211.3,Normal
2026-09-10 17:00:00,M03,28.6,42.01,1421.4,43.81,2.074,231.4,Normal
2026-09-10 17:10:00,M01,23.03,32.42,1862.3,53.66,3.012,77.9,Normal
2026-09-10 17:20:00,M03,21.86,32.6,1562.4,33.7,3.072,191.7,Normal
2026-09-10 17:30:00,M01,26.61,37.46,1720.5,45.74,2.185,50.6,Normal
2026-09-10 17:40:00,M02,28.56,38.85,1906.9,38.9,1.23,130.9,Normal
2026-09-10 17:50:00,M02,27.16,37.01,1818.2,38.16,2.334,43.2,Normal
2026-09-10 18:00:00,M01,27.99,38.64,1629.7,32.28,2.999,83.4,Normal
2026-09-10 18:10:00,M01,22.73,28.93,1801.3,56.66,3.944,223.5,Normal
2026-09-10 18:20:00,M02,20.73,31.76,1493.7,36.24,1.542,35.1,Normal
2026-09-10 18:30:00,M02,29.5,39.69,2030.1,46.99,2.159,151.8,Normal
2026-09-10 18:40:00,M01,24.03,33.7,1758.9,21.25,2.188,142.3,Normal
2026-09-10 18:50:00,M03,24.25,37.32,2023.7,51.8,3.585,29.0,Normal
2026-09-10 19:00:00,M03,28.98,37.97,1694.7,50.52,2.472,78.2,Normal
2026-09-10 19:10:00,M01,26.67,36.06,1695.3,40.97,1.774,135.1,Normal
2026-09-10 19:20:00,M03,26.37,39.35,1647.2,37.73,2.947,44.9,Normal
2026-09-10 19:30:00,M02,31.5,40.25,1975.2,44.0,2.176,192.1,Normal
2026-09-10 19:40:00,M02,23.07,32.24,1658.1,62.89,1.52,233.3,Normal
2026-09-10 19:50:00,M03,27.78,37.56,1928.9,22.37,1.786,51.5,Normal
2026-09-10 20:00:00,M01,25.17,36.43,1723.5,47.82,3.887,44.9,Normal
2026-09-10 20:10:00,M02,25.81,36.12,1404.8,30.88,2.807,109.2,Normal
2026-09-10 20:20:00,M02,29.59,37.65,1685.9,39.8,2.586,179.5,Normal
2026-09-10 20:30:00,M02,26.52,35.73,1564.2,37.52,2.3,67.6,Normal
2026-09-10 20:40:00,M03,26.61,35.7,1806.8,35.72,2.734,4.8,Normal
2026-09-10 20:50:00,M01,28.22,38.1,1561.9,39.9,2.724,129.9,Normal
2026-09-10 21:00:00,M03,23.91,34.54,1985.2,28.66,2.734,229.6,Normal
2026-09-10 21:10:00,M01,22.48,33.11,1781.8,50.29,2.592,93.9,Normal
2026-09-10 21:20:00,M01,21.87,29.2,1764.5,22.06,3.195,100.8,Normal
2026-09-10 21:30:00,M03,19.1,30.7,1931.2,45.4,2.518,232.5,Normal
2026-09-10 21:40:00,M02,31.17,41.55,1992.8,36.73,1.718,166.7,Normal
2026-09-10 21:50:00,M01,21.69,33.77,1796.0,28.29,2.01,172.6,Normal
2026-09-10 22:00:00,M03,24.34,35.0,1645.8,42.02,0.917,135.0,Normal
2026-09-10 22:10:00,M02,24.17,35.82,1445.2,24.43,6.634,233.9,Tool_Wear
2026-09-10 22:20:00,M01,25.92,36.62,1662.8,40.4,3.19,165.3,Normal
2026-09-10 22:30:00,M01,27.45,39.47,1676.6,25.77,1.836,214.8,Normal
2026-09-10 22:40:00,M02,27.58,38.36,1821.4,44.61,2.275,167.9,Normal
2026-09-10 22:50:00,M01,23.25,33.1,1731.0,30.76,1.99,176.4,Normal
2026-09-10 23:00:00,M03,24.5,37.91,1937.6,35.49,3.734,69.7,Normal
2026-09-10 23:10:00,M01,25.85,37.18,1677.4,42.94,1.364,72.8,Normal
2026-09-10 23:20:00,M01,24.25,35.11,1788.6,32.27,2.592,187.9,Normal
2026-09-10 23:30:00,M02,29.82,37.91,2036.8,39.42,2.413,71.2,Normal
2026-09-10 23:40:00,M03,26.47,34.54,1868.4,24.86,3.161,135.1,Normal
2026-09-10 23:50:00,M02,27.2,37.64,1788.0,46.31,2.417,59.8,Normal
2026-09-11 00:00:00,M03,26.99,37.21,1679.6,57.65,1.093,196.1,Normal
2026-09-11 00:10:00,M02,28.52,37.6,1673.4,67.92,2.299,26.5,Normal
2026-09-11 00:20:00,M01,25.54,35.75,1629.9,40.91,1.722,199.1,Normal
2026-09-11 00:30:00,M03,21.11,33.49,1691.8,47.88,2.564,144.7,Normal
2026-09-11 00:40:00,M03,26.2,37.24,1951.1,22.19,3.647,44.9,Normal
2026-09-11 00:50:00,M01,23.05,31.33,1755.6,55.03,1.108,130.1,Normal
2026-09-11 01:00:00,M02,23.41,33.25,1530.0,47.76,1.86,67.8,Normal
2026-09-11 01:10:00,M03,26.76,35.55,2153.6,35.16,2.058,77.6,Normal
2026-09-11 01:20:00,M01,28.71,38.13,1864.0,52.37,2.195,84.4,Normal
2026-09-11 01:30:00,M01,25.06,34.44,1518.6,37.46,3.092,15.2,Normal
2026-09-11 01:40:00,M03,25.93,35.21,1711.6,35.42,2.361,236.6,Normal
2026-09-11 01:50:00,M03,30.11,38.22,1822.2,44.75,2.833,7.6,Normal
2026-09-11 02:00:00,M03,25.72,35.53,2140.9,29.37,1.999,159.0,Normal
2026-09-11 02:10:00,M01,32.81,41.96,1578.4,50.22,2.684,89.1,Normal
2026-09-11 02:20:00,M02,26.7,32.3,1995.2,29.44,3.122,155.0,Normal
2026-09-11 02:30:00,M02,19.72,32.8,2079.9,29.5,1.914,85.5,Normal
2026-09-11 02:40:00,M03,27.26,38.89,1674.3,30.9,3.125,161.7,Normal
2026-09-11 02:50:00,M01,26.14,35.58,1744.5,47.6,2.542,175.0,Normal
2026-09-11 03:00:00,M01,28.87,38.9,1592.7,33.83,3.336,165.7,Normal
2026-09-11 03:10:00,M03,27.02,35.26,1759.3,26.52,2.339,27.4,Normal
2026-09-11 03:20:00,M01,24.58,37.13,1792.7,33.94,2.805,157.7,Normal
2026-09-11 03:30:00,M01,21.33,34.17,1931.9,39.68,2.468,67.2,Normal
2026-09-11 03:40:00,M01,24.37,34.61,2018.0,28.19,2.423,6.9,Normal
2026-09-11 03:50:00,M03,22.45,33.98,1650.4,28.48,2.707,99.6,Normal
2026-09-11 04:00:00,M03,23.26,33.52,1406.5,61.11,2.929,104.1,Normal
2026-09-11 04:10:00,M03,26.77,34.76,1795.8,31.39,1.5,112.1,Normal
2026-09-11 04:20:00,M02,30.01,39.39,1858.7,36.77,3.647,169.2,Normal
2026-09-11 04:30:00,M02,26.18,36.38,1849.9,36.33,1.012,74.1,Normal
2026-09-11 04:40:00,M03,21.41,30.73,1734.7,35.79,1.952,75.7,Normal
2026-09-11 04:50:00,M01,26.33,36.01,1825.0,46.21,2.425,14.5,Normal
2026-09-11 05:00:00,M01,28.59,38.45,2103.1,49.48,2.83,164.8,Normal
2026-09-11 05:10:00,M03,23.17,33.05,1876.3,36.94,3.761,136.3,Normal
2026-09-11 05:20:00,M01,24.6,34.68,1725.3,27.64,1.013,83.9,Normal
2026-09-11 05:30:00,M01,25.04,33.45,1700.0,52.74,2.094,169.2,Normal
2026-09-11 05:40:00,M02,22.65,31.57,1766.0,39.05,0.799,129.0,Normal
2026-09-11 05:50:00,M01,26.94,35.02,2127.3,57.3,2.525,112.6,Normal
2026-09-11 06:00:00,M01,24.64,36.1,1763.3,17.54,2.717,122.7,Normal
2026-09-11 06:10:00,M03,26.26,33.1,1796.0,41.95,3.773,152.7,Normal
2026-09-11 06:20:00,M02,22.34,34.07,1703.5,59.19,2.597,158.4,Normal
2026-09-11 06:30:00,M02,23.69,35.77,2019.8,36.47,3.335,69.3,Normal
2026-09-11 06:40:00,M01,27.17,36.71,2192.0,37.75,2.967,33.8,Normal
2026-09-11 06:50:00,M03,23.88,29.98,1890.1,42.96,2.152,37.6,Normal
2026-09-11 07:00:00,M02,30.18,39.64,1816.6,34.41,1.373,153.5,Normal
2026-09-11 07:10:00,M02,23.8,33.7,1807.4,36.88,2.72,209.5,Normal
2026-09-11 07:20:00,M01,25.67,46.16,1323.1,36.62,1.306,98.3,Heat_Dissipation
2026-09-11 07:30:00,M02,27.8,37.02,1949.0,33.73,3.536,40.7,Normal
2026-09-11 07:40:00,M03,20.74,33.04,1826.8,52.29,2.37,181.6,Normal
2026-09-11 07:50:00,M03,19.72,30.71,1885.7,44.61,3.456,199.8,Normal
2026-09-11 08:00:00,M02,20.42,29.04,1657.7,42.51,2.116,211.3,Normal
2026-09-11 08:10:00,M03,28.79,36.39,1723.1,48.09,2.715,145.6,Normal
2026-09-11 08:20:00,M03,23.34,32.85,1717.8,37.36,2.667,206.6,Normal
2026-09-11 08:30:00,M01,32.67,42.35,2004.3,32.26,2.464,3.7,Normal
2026-09-11 08:40:00,M02,23.31,34.05,1724.2,33.97,2.154,25.7,Normal
2026-09-11 08:50:00,M02,25.55,34.75,2216.5,40.02,2.814,22.2,Normal
2026-09-11 09:00:00,M01,29.63,40.39,1886.2,29.41,1.759,171.0,Normal
2026-09-11 09:10:00,M01,31.02,43.92,1544.9,35.0,1.532,16.7,Normal
2026-09-11 09:20:00,M01,31.18,42.41,1774.3,34.84,3.494,119.1,Normal
2026-09-11 09:30:00,M01,28.63,38.55,1669.7,61.25,3.082,113.4,Normal
2026-09-11 09:40:00,M03,28.07,37.8,1361.1,12.26,2.553,74.6,Normal
2026-09-11 09:50:00,M03,26.78,36.24,2119.9,38.2,3.832,208.9,Normal
2026-09-11 10:00:00,M01,27.34,39.11,1940.6,57.26,2.286,40.9,Normal
2026-09-11 10:10:00,M02,23.35,32.41,1906.6,41.22,3.558,84.6,Normal
2026-09-11 10:20:00,M02,22.55,32.61,1833.1,47.53,2.64,185.8,Normal
2026-09-11 10:30:00,M02,24.99,35.07,1523.6,41.0,1.68,7.3,Normal
2026-09-11 10:40:00,M01,24.49,33.74,1703.3,33.33,3.978,161.5,Normal
2026-09-11 10:50:00,M03,23.64,31.58,1968.4,17.58,3.293,195.9,Normal
2026-09-11 11:00:00,M03,27.09,37.57,1589.8,42.05,2.403,223.7,Normal
2026-09-11 11:10:00,M03,27.87,37.77,1293.6,32.24,3.082,210.3,Normal
2026-09-11 11:20:00,M03,25.27,36.02,1754.6,32.0,2.177,76.7,Normal
2026-09-11 11:30:00,M02,29.43,38.63,1771.6,35.01,3.163,140.7,Normal
2026-09-11 11:40:00,M02,21.57,33.41,1827.1,57.45,0.587,18.6,Normal
2026-09-11 11:50:00,M03,24.42,33.1,1945.7,64.05,1.684,61.9,Normal
2026-09-11 12:00:00,M01,22.85,35.42,1927.5,42.17,3.283,22.6,Normal
2026-09-11 12:10:00,M03,19.4,26.78,1851.8,35.35,2.3,75.6,Normal
2026-09-11 12:20:00,M03,24.75,35.4,2039.1,28.23,2.666,210.0,Normal
2026-09-11 12:30:00,M01,24.63,35.35,1496.2,44.69,1.423,83.3,Normal
2026-09-11 12:40:00,M03,29.54,38.35,1900.9,57.83,3.978,134.9,Normal
2026-09-11 12:50:00,M02,26.89,37.53,1925.3,37.53,3.452,104.0,Normal
2026-09-11 13:00:00,M01,21.93,33.85,1552.1,16.21,2.339,110.1,Normal
2026-09-11 13:10:00,M01,30.56,49.24,1499.4,46.7,2.176,232.7,Heat_Dissipation
2026-09-11 13:20:00,M03,28.66,39.42,1650.8,49.85,3.324,71.1,Normal
2026-09-11 13:30:00,M02,26.75,33.01,1667.7,24.14,4.086,150.6,Normal
2026-09-11 13:40:00,M02,24.32,32.87,1950.7,41.76,3.263,100.8,Normal
2026-09-11 13:50:00,M02,22.12,34.57,1677.1,44.51,4.237,14.7,Normal
2026-09-11 14:00:00,M03,23.88,33.01,1628.7,39.27,1.762,117.4,Normal
2026-09-11 14:10:00,M03,28.27,36.51,1677.7,32.09,1.844,195.2,Normal
2026-09-11 14:20:00,M02,30.65,40.36,2023.7,50.16,1.549,23.7,Normal
2026-09-11 14:30:00,M03,29.63,42.73,1802.6,35.97,2.853,16.7,Normal
2026-09-11 14:40:00,M02,23.53,30.79,1764.1,25.15,2.64,36.9,Normal
2026-09-11 14:50:00,M03,21.64,30.06,1778.0,19.51,2.378,183.5,Normal
2026-09-11 15:00:00,M01,25.42,37.67,2058.4,52.61,3.147,173.8,Normal
2026-09-11 15:10:00,M01,19.69,32.48,1650.2,46.17,3.486,135.6,Normal
2026-09-11 15:20:00,M03,25.97,35.81,2063.1,40.88,1.279,112.4,Normal
2026-09-11 15:30:00,M03,24.56,32.7,1842.1,35.6,2.022,213.2,Normal
2026-09-11 15:40:00,M02,23.6,36.75,1767.9,34.71,3.156,184.0,Normal
2026-09-11 15:50:00,M01,20.22,32.61,2300.2,29.24,2.126,194.9,Normal
2026-09-11 16:00:00,M02,26.54,37.56,1588.9,35.69,1.861,195.2,Normal
2026-09-11 16:10:00,M03,23.4,32.18,1729.3,18.8,3.315,154.3,Normal
2026-09-11 16:20:00,M02,21.49,31.42,1553.5,32.64,1.468,109.9,Normal
2026-09-11 16:30:00,M02,16.38,26.14,1990.5,36.89,2.259,207.5,Normal
2026-09-11 16:40:00,M03,24.92,35.41,2137.8,46.1,2.763,222.2,Normal
2026-09-11 16:50:00,M01,30.32,42.49,2134.0,39.6,2.041,5.7,Normal
2026-09-11 17:00:00,M02,29.98,41.3,2044.8,47.95,3.127,12.4,Normal
2026-09-11 17:10:00,M03,23.63,32.01,1760.5,53.49,2.045,230.1,Normal
2026-09-11 17:20:00,M02,23.19,35.26,1727.0,50.58,3.627,66.5,Normal
2026-09-11 17:30:00,M03,26.41,36.88,1465.8,44.71,2.399,209.6,Normal
2026-09-11 17:40:00,M03,22.0,33.04,2207.2,40.12,3.037,93.3,Normal
2026-09-11 17:50:00,M03,25.91,38.11,1893.8,30.19,3.097,28.6,Normal
2026-09-11 18:00:00,M01,27.3,35.63,1701.6,47.4,1.998,19.3,Normal
2026-09-11 18:10:00,M01,28.68,38.63,2065.6,56.8,0.857,37.6,Normal
2026-09-11 18:20:00,M03,24.7,33.9,1605.4,43.42,2.789,60.0,Normal
2026-09-11 18:30:00,M01,24.39,32.04,1881.3,59.17,2.558,117.2,Normal
2026-09-11 18:40:00,M02,22.37,32.89,1765.5,24.74,2.945,168.4,Normal
2026-09-11 18:50:00,M01,22.52,36.29,1927.7,28.46,2.319,236.7,Normal
2026-09-11 19:00:00,M01,24.32,31.56,1787.3,48.55,2.156,106.0,Normal
2026-09-11 19:10:00,M02,26.1,36.05,1509.8,42.64,4.107,124.4,Normal
2026-09-11 19:20:00,M02,27.74,38.7,1815.1,53.14,1.322,125.2,Normal
2026-09-11 19:30:00,M02,22.59,32.78,2009.8,39.85,3.087,129.5,Normal
2026-09-11 19:40:00,M03,29.48,39.31,1794.2,31.32,2.04,124.3,Normal
2026-09-11 19:50:00,M02,24.19,32.24,1955.0,37.86,2.231,2.1,Normal
2026-09-11 20:00:00,M02,24.94,35.29,1590.9,24.67,2.246,0.4,Normal
2026-09-11 20:10:00,M02,22.76,31.62,1794.7,28.71,1.857,23.4,Normal
2026-09-11 20:20:00,M03,17.73,24.44,1675.1,49.72,2.957,24.4,Normal
2026-09-11 20:30:00,M01,27.65,39.44,1949.4,48.73,3.613,169.2,Normal
2026-09-11 20:40:00,M03,27.21,38.65,1806.3,43.63,2.876,49.2,Normal
2026-09-11 20:50:00,M01,24.16,34.23,1938.0,22.79,2.583,214.7,Normal
2026-09-11 21:00:00,M02,25.2,35.54,2017.5,36.42,1.711,222.9,Normal
2026-09-11 21:10:00,M03,26.55,38.16,1938.3,27.75,2.913,234.2,Normal
2026-09-11 21:20:00,M03,20.31,30.65,1854.6,51.77,6.335,225.4,Tool_Wear
2026-09-11 21:30:00,M01,23.41,34.77,1600.4,34.16,2.195,65.3,Normal
2026-09-11 21:40:00,M03,27.38,36.94,1799.4,29.14,2.199,122.3,Normal
2026-09-11 21:50:00,M03,21.24,33.21,1693.4,40.3,2.051,42.1,Normal
2026-09-11 22:00:00,M01,25.88,36.36,1731.2,33.6,2.108,193.5,Normal
2026-09-11 22:10:00,M03,20.93,31.22,1725.1,54.84,0.304,213.2,Normal
2026-09-11 22:20:00,M03,26.4,34.49,1604.0,32.65,2.824,204.3,Normal
2026-09-11 22:30:00,M02,24.89,35.32,1408.5,26.01,1.824,104.0,Normal
2026-09-11 22:40:00,M02,20.15,28.91,1666.4,18.47,1.212,182.1,Normal
2026-09-11 22:50:00,M02,28.49,37.54,1838.7,39.69,3.103,23.4,Normal
2026-09-11 23:00:00,M02,22.8,31.57,1530.4,34.38,1.634,9.7,Normal
2026-09-11 23:10:00,M02,22.57,30.97,1803.1,25.71,2.229,180.8,Normal
2026-09-11 23:20:00,M03,25.6,38.79,2180.1,51.89,3.673,102.1,Normal
2026-09-11 23:30:00,M03,28.45,40.44,2004.6,46.67,1.373,238.9,Normal
2026-09-11 23:40:00,M02,21.95,34.83,2128.7,39.72,1.274,23.3,Normal
2026-09-11 23:50:00,M01,25.19,33.35,1878.2,53.64,2.715,205.4,Normal
2026-09-12 00:00:00,M02,26.29,36.39,2033.5,46.63,3.42,115.2,Normal
2026-09-12 00:10:00,M03,27.08,35.14,1655.2,31.77,1.241,198.5,Normal
2026-09-12 00:20:00,M01,25.53,34.49,1671.1,29.61,2.826,196.1,Normal
2026-09-12 00:30:00,M02,23.9,32.52,1252.2,48.18,2.965,219.8,Normal
2026-09-12 00:40:00,M01,22.52,34.38,2037.2,43.96,0.853,71.5,Normal
2026-09-12 00:50:00,M02,25.26,34.66,2108.1,41.7,3.139,228.0,Normal
2026-09-12 01:00:00,M03,21.78,33.39,1689.4,31.54,3.201,36.4,Normal
2026-09-12 01:10:00,M02,16.24,27.14,1749.2,46.08,2.251,19.7,Normal
2026-09-12 01:20:00,M01,26.31,39.77,1649.2,32.45,3.502,103.6,Normal
2026-09-12 01:30:00,M03,27.71,35.49,1876.5,38.98,3.409,198.8,Normal
2026-09-12 01:40:00,M02,17.91,29.8,2025.0,54.47,2.582,113.6,Normal
2026-09-12 01:50:00,M02,21.97,33.69,1451.4,33.39,2.139,199.0,Normal
2026-09-12 02:00:00,M02,26.86,35.4,1881.9,24.27,1.722,175.1,Normal
2026-09-12 02:10:00,M02,31.17,42.68,1744.7,29.47,2.47,50.3,Normal
2026-09-12 02:20:00,M03,25.06,35.57,1822.7,49.94,2.956,227.7,Normal
2026-09-12 02:30:00,M03,22.82,32.47,1891.8,42.55,2.241,14.6,Normal
2026-09-12 02:40:00,M02,24.45,33.22,1762.4,38.71,0.742,215.6,Normal
2026-09-12 02:50:00,M03,29.12,38.05,1779.3,34.91,3.515,73.1,Normal
2026-09-12 03:00:00,M01,23.06,36.14,1757.2,44.85,2.652,120.0,Normal
2026-09-12 03:10:00,M03,22.6,32.6,1994.1,31.51,2.196,101.4,Normal
2026-09-12 03:20:00,M01,23.55,34.72,1883.8,43.06,3.186,41.2,Normal
2026-09-12 03:30:00,M01,22.14,30.95,1844.1,32.69,3.72,86.0,Normal
2026-09-12 03:40:00,M03,25.37,34.2,1545.8,31.02,0.258,46.3,Normal
2026-09-12 03:50:00,M02,29.87,41.5,1724.3,33.63,2.847,48.9,Normal
2026-09-12 04:00:00,M03,25.97,33.94,1979.7,36.25,1.359,44.9,Normal
2026-09-12 04:10:00,M01,24.24,33.62,1807.5,39.51,2.899,117.4,Normal
2026-09-12 04:20:00,M01,24.12,34.18,1931.9,42.35,2.602,191.5,Normal
2026-09-12 04:30:00,M03,20.31,30.48,2153.3,3.12,3.009,136.6,Normal
2026-09-12 04:40:00,M01,27.65,37.38,2007.7,31.92,2.101,214.4,Normal
2026-09-12 04:50:00,M03,24.77,35.36,1818.6,36.08,1.001,152.8,Normal
2026-09-12 05:00:00,M03,24.46,35.5,1697.8,55.05,2.14,165.4,Normal
2026-09-12 05:10:00,M02,34.58,45.68,1289.3,29.2,2.825,160.2,Normal
2026-09-12 05:20:00,M01,25.9,34.42,1766.3,41.63,3.312,107.9,Normal
2026-09-12 05:30:00,M03,22.74,32.32,1734.8,54.95,1.563,165.4,Normal
2026-09-12 05:40:00,M01,23.72,35.51,1878.1,26.87,3.322,16.7,Normal
2026-09-12 05:50:00,M03,28.45,39.79,1769.2,43.94,1.982,206.4,Normal
2026-09-12 06:00:00,M03,25.34,33.28,1735.9,31.98,2.79,186.7,Normal
2026-09-12 06:10:00,M02,20.69,31.21,1444.1,34.95,2.092,58.9,Normal
2026-09-12 06:20:00,M03,27.76,34.79,1612.0,31.97,2.646,184.3,Normal
2026-09-12 06:30:00,M02,23.0,33.07,1895.3,32.68,3.214,3.0,Normal
2026-09-12 06:40:00,M01,30.62,43.47,2143.2,82.22,1.518,52.1,Overstrain
2026-09-12 06:50:00,M02,28.24,36.82,1780.5,48.44,1.956,15.6,Normal
2026-09-12 07:00:00,M02,23.66,32.41,1865.6,51.02,2.648,187.3,Normal
2026-09-12 07:10:00,M01,28.84,39.99,1990.5,44.92,4.421,181.4,Normal
2026-09-12 07:20:00,M02,25.2,32.89,1637.8,23.94,1.809,195.3,Normal
2026-09-12 07:30:00,M02,27.56,36.61,1873.4,43.95,4.132,1.1,Normal
2026-09-12 07:40:00,M03,26.45,37.35,1651.9,50.73,4.104,120.3,Normal
2026-09-12 07:50:00,M02,22.46,31.51,1973.0,31.47,2.422,169.2,Normal
2026-09-12 08:00:00,M03,23.07,32.72,1830.3,49.65,2.261,37.3,Normal
2026-09-12 08:10:00,M02,28.09,39.21,1859.7,47.04,1.946,155.9,Normal
2026-09-12 08:20:00,M01,24.0,34.63,1643.5,58.52,2.445,20.2,Normal
2026-09-12 08:30:00,M01,23.79,34.19,1941.4,35.82,1.375,43.5,Normal
2026-09-12 08:40:00,M02,22.13,31.63,2216.9,29.02,2.439,114.2,Normal
2026-09-12 08:50:00,M03,26.27,36.83,1598.4,36.38,3.698,156.9,Normal
2026-09-12 09:00:00,M02,31.19,41.0,1732.0,54.36,2.011,35.0,Normal
2026-09-12 09:10:00,M03,21.8,32.48,1846.3,21.72,2.307,44.5,Normal
2026-09-12 09:20:00,M02,25.07,34.33,1957.3,19.32,1.139,49.1,Normal
2026-09-12 09:30:00,M01,29.24,38.96,1688.1,40.89,2.799,57.3,Normal
2026-09-12 09:40:00,M01,24.76,33.28,1233.4,35.57,2.712,54.4,Normal
2026-09-12 09:50:00,M03,26.36,36.3,2071.8,40.08,2.551,94.8,Normal
2026-09-12 10:00:00,M02,21.81,30.6,1952.1,49.45,2.327,156.9,Normal
2026-09-12 10:10:00,M03,26.28,46.61,1451.4,34.47,2.266,105.1,Heat_Dissipation
2026-09-12 10:20:00,M01,24.44,34.83,1678.5,21.27,2.902,186.2,Normal
2026-09-12 10:30:00,M03,27.96,38.28,2113.6,75.44,2.477,172.6,Overstrain
2026-09-12 10:40:00,M02,28.56,39.74,2089.6,30.03,2.752,30.4,Normal
2026-09-12 10:50:00,M03,32.77,42.12,1987.7,29.41,2.672,11.7,Normal
2026-09-12 11:00:00,M02,26.74,37.35,1764.8,51.04,3.399,210.7,Normal
2026-09-12 11:10:00,M02,25.98,36.8,1816.6,36.16,3.042,19.2,Normal
2026-09-12 11:20:00,M01,25.58,36.25,1773.8,39.37,2.654,35.6,Normal
2026-09-12 11:30:00,M02,23.94,32.7,2025.6,44.83,3.715,5.3,Normal
2026-09-12 11:40:00,M02,26.02,36.24,1624.8,50.84,2.836,150.8,Normal
2026-09-12 11:50:00,M02,24.11,34.66,1638.8,36.67,3.544,139.8,Normal
2026-09-12 12:00:00,M03,25.51,35.52,2002.1,55.2,2.986,236.9,Normal
2026-09-12 12:10:00,M01,28.95,35.82,1791.1,18.64,1.026,212.9,Normal
2026-09-12 12:20:00,M03,21.98,32.22,2075.7,47.6,3.544,98.6,Normal
2026-09-12 12:30:00,M03,28.42,41.74,1665.7,31.6,2.608,89.2,Normal
2026-09-12 12:40:00,M01,28.95,38.41,1789.0,53.72,2.458,71.2,Normal
2026-09-12 12:50:00,M03,24.65,33.55,1615.5,41.42,2.725,36.6,Normal
2026-09-12 13:00:00,M03,18.63,29.19,1801.5,33.27,2.224,33.1,Normal
2026-09-12 13:10:00,M02,23.18,33.65,1504.3,46.63,2.682,31.7,Normal
2026-09-12 13:20:00,M03,28.89,40.68,1702.5,48.93,2.026,27.4,Normal
2026-09-12 13:30:00,M01,24.93,33.04,1512.7,46.42,3.519,57.7,Normal
2026-09-12 13:40:00,M03,22.0,33.1,1938.8,29.7,2.409,73.6,Normal
2026-09-12 13:50:00,M02,23.49,34.37,1943.3,35.16,2.194,230.8,Normal
2026-09-12 14:00:00,M03,27.52,37.31,1453.9,39.96,1.76,138.8,Normal
2026-09-12 14:10:00,M01,26.64,37.15,2066.8,39.59,2.715,237.0,Normal
2026-09-12 14:20:00,M02,24.28,35.83,2299.5,47.5,2.65,89.4,Normal
2026-09-12 14:30:00,M03,23.9,35.21,1809.2,19.85,2.811,109.8,Normal
2026-09-12 14:40:00,M01,23.82,32.11,1671.8,43.34,1.678,77.9,Normal
2026-09-12 14:50:00,M01,22.23,33.46,2364.9,37.1,1.219,43.9,Normal
2026-09-12 15:00:00,M03,29.85,39.75,1536.2,31.61,3.0,34.4,Normal
2026-09-12 15:10:00,M03,24.03,34.14,1804.0,32.58,3.688,226.8,Normal
2026-09-12 15:20:00,M02,28.65,38.76,1835.9,37.85,1.679,236.8,Normal
2026-09-12 15:30:00,M03,29.56,39.34,2069.0,3.99,3.772,10.8,Normal
2026-09-12 15:40:00,M02,27.99,39.78,1871.9,32.99,2.727,36.1,Normal
2026-09-12 15:50:00,M03,23.71,33.58,1700.3,31.24,2.494,101.6,Normal
2026-09-12 16:00:00,M01,26.21,34.53,1609.8,45.33,2.182,44.7,Normal
2026-09-12 16:10:00,M01,24.93,34.34,1731.6,31.94,1.392,87.3,Normal
2026-09-12 16:20:00,M01,22.29,32.56,1598.6,37.85,3.29,31.0,Normal
2026-09-12 16:30:00,M01,25.97,37.82,1809.6,55.42,1.88,109.6,Normal
2026-09-12 16:40:00,M02,21.46,32.37,1687.2,49.94,1.876,65.2,Normal
2026-09-12 16:50:00,M01,28.56,37.29,1501.2,49.02,3.294,84.5,Normal
2026-09-12 17:00:00,M02,23.61,37.33,2051.0,35.0,0.994,22.6,Normal
2026-09-12 17:10:00,M02,25.6,36.0,1700.5,45.43,1.281,102.8,Normal
2026-09-12 17:20:00,M02,25.85,37.76,1546.4,37.66,2.485,236.0,Normal
2026-09-12 17:30:00,M03,24.22,34.0,1766.3,38.04,2.735,78.9,Normal
2026-09-12 17:40:00,M02,26.76,37.56,1813.7,44.1,2.888,210.3,Normal
2026-09-12 17:50:00,M03,23.58,34.83,1450.7,34.03,2.259,202.4,Normal
2026-09-12 18:00:00,M02,27.61,39.44,1866.3,54.93,7.081,228.5,Tool_Wear
2026-09-12 18:10:00,M03,20.96,32.55,1590.6,38.4,2.318,189.6,Normal
2026-09-12 18:20:00,M03,25.38,36.69,2142.2,46.18,2.315,158.3,Normal
2026-09-12 18:30:00,M01,30.82,40.34,1904.8,54.56,1.862,205.6,Normal
2026-09-12 18:40:00,M02,22.0,31.14,1720.0,50.32,2.599,18.2,Normal
2026-09-12 18:50:00,M03,22.97,33.47,1651.0,25.91,2.992,111.1,Normal
2026-09-12 19:00:00,M01,26.54,37.94,1779.0,44.45,3.463,237.4,Normal
2026-09-12 19:10:00,M02,25.54,35.2,1922.6,48.51,1.309,184.7,Normal
2026-09-12 19:20:00,M01,26.05,37.65,1794.9,48.92,2.303,230.9,Normal
2026-09-12 19:30:00,M03,26.47,38.65,1756.6,28.87,2.857,187.1,Normal
2026-09-12 19:40:00,M01,26.9,35.53,1811.7,33.43,2.97,210.0,Normal
2026-09-12 19:50:00,M01,28.33,37.07,1679.2,49.95,2.505,169.6,Normal
2026-09-12 20:00:00,M02,26.23,36.02,1731.4,32.38,2.934,182.5,Normal
2026-09-12 20:10:00,M03,24.28,34.74,1382.8,37.0,1.853,125.6,Normal
2026-09-12 20:20:00,M02,27.02,36.23,1994.7,55.76,3.746,221.8,Normal
2026-09-12 20:30:00,M02,30.7,42.73,1859.8,39.52,3.294,198.0,Normal
2026-09-12 20:40:00,M01,24.6,35.24,1645.3,32.73,1.424,202.5,Normal
2026-09-12 20:50:00,M03,22.08,32.14,2179.7,31.22,1.64,161.5,Normal
2026-09-12 21:00:00,M02,28.32,36.17,1817.4,43.33,1.662,73.1,Normal
2026-09-12 21:10:00,M03,24.64,32.67,1592.8,26.67,3.042,8.6,Normal
2026-09-12 21:20:00,M02,18.48,28.9,1971.3,37.53,1.472,224.6,Normal
2026-09-12 21:30:00,M01,27.54,34.34,1879.6,43.33,2.235,140.7,Normal
2026-09-12 21:40:00,M02,23.39,34.91,1878.9,52.99,2.864,71.6,Normal
2026-09-12 21:50:00,M02,24.73,34.49,1714.8,46.68,2.447,35.8,Normal
2026-09-12 22:00:00,M02,26.0,40.86,1890.1,32.86,2.707,199.1,Normal
2026-09-12 22:10:00,M03,25.57,39.03,1747.6,51.78,1.647,200.8,Normal
2026-09-12 22:20:00,M01,27.13,36.86,1911.2,37.0,2.976,195.5,Normal
2026-09-12 22:30:00,M03,23.69,33.53,1419.0,27.64,2.009,154.8,Normal
2026-09-12 22:40:00,M02,26.54,38.03,1713.2,38.28,2.24,87.8,Normal
2026-09-12 22:50:00,M01,24.22,36.78,2144.4,54.38,2.69,73.0,Normal
2026-09-12 23:00:00,M03,27.22,34.76,1646.6,41.65,2.582,2.1,Normal
2026-09-12 23:10:00,M02,26.85,34.17,1679.2,40.13,2.519,200.1,Normal
2026-09-12 23:20:00,M01,22.19,31.26,1710.4,56.37,1.899,21.0,Normal
2026-09-12 23:30:00,M01,28.26,39.13,1557.0,25.69,2.26,151.4,Normal
2026-09-12 23:40:00,M02,23.39,34.14,1358.3,27.14,2.502,121.0,Normal
2026-09-12 23:50:00,M01,27.42,39.03,1753.9,23.84,1.4,126.4,Normal
2026-09-13 00:00:00,M01,26.1,34.3,1827.2,43.73,2.13,222.4,Normal
2026-09-13 00:10:00,M03,30.51,37.04,1789.5,41.66,2.81,7.6,Normal
2026-09-13 00:20:00,M01,24.33,35.62,1771.0,55.43,1.478,185.6,Normal
2026-09-13 00:30:00,M03,23.95,32.71,1808.6,42.43,3.425,12.5,Normal
2026-09-13 00:40:00,M03,24.94,31.91,2004.6,35.96,3.516,9.2,Normal
2026-09-13 00:50:00,M03,24.09,34.31,1761.9,40.02,1.504,103.2,Normal
2026-09-13 01:00:00,M03,27.4,38.59,1685.2,41.18,3.586,15.1,Normal
2026-09-13 01:10:00,M01,20.15,29.97,1743.8,23.28,2.385,189.4,Normal
2026-09-13 01:20:00,M01,21.84,31.15,1915.9,67.1,2.835,127.1,Normal
2026-09-13 01:30:00,M03,21.8,31.56,2082.4,45.2,2.103,7.0,Normal
2026-09-13 01:40:00,M01,27.85,37.3,1674.4,42.1,3.238,9.7,Normal
2026-09-13 01:50:00,M03,30.13,38.11,1819.8,46.15,2.825,147.0,Normal
2026-09-13 02:00:00,M03,24.69,33.61,1867.7,47.09,1.849,193.5,Normal
2026-09-13 02:10:00,M03,24.49,35.28,1601.5,38.59,1.568,105.1,Normal
2026-09-13 02:20:00,M02,25.21,35.69,1804.1,33.69,1.332,133.1,Normal
2026-09-13 02:30:00,M01,28.49,38.74,1506.9,45.99,2.65,192.0,Normal
2026-09-13 02:40:00,M01,22.22,30.73,1446.2,43.86,2.958,146.5,Normal
2026-09-13 02:50:00,M03,25.72,35.44,1873.3,31.9,3.021,53.9,Normal
2026-09-13 03:00:00,M01,27.93,34.66,1723.2,54.19,2.406,147.1,Normal
2026-09-13 03:10:00,M03,26.5,36.77,1840.5,42.93,1.574,150.8,Normal
2026-09-13 03:20:00,M01,25.57,37.71,1796.4,47.3,1.954,176.2,Normal
2026-09-13 03:30:00,M03,28.0,35.79,1604.7,53.92,3.422,149.0,Normal
2026-09-13 03:40:00,M03,16.89,26.01,1790.9,40.22,2.112,232.6,Normal
2026-09-13 03:50:00,M02,27.03,37.53,1553.4,43.17,2.615,47.3,Normal
2026-09-13 04:00:00,M03,23.04,34.92,2078.2,48.1,1.639,228.3,Normal
2026-09-13 04:10:00,M02,19.51,28.84,1528.8,32.75,2.769,129.2,Normal
2026-09-13 04:20:00,M01,26.53,35.5,1760.8,40.54,2.134,161.3,Normal
2026-09-13 04:30:00,M01,29.12,36.17,1591.5,41.26,3.337,23.9,Normal
2026-09-13 04:40:00,M02,24.59,34.74,1914.1,30.44,3.119,91.3,Normal
2026-09-13 04:50:00,M01,27.86,40.92,1733.7,63.18,2.103,184.7,Normal
2026-09-13 05:00:00,M02,29.84,40.25,1696.3,25.93,2.399,169.7,Normal
2026-09-13 05:10:00,M01,28.94,38.91,1970.6,27.02,2.059,9.6,Normal
2026-09-13 05:20:00,M02,29.92,40.4,1805.9,53.14,1.364,131.2,Normal
2026-09-13 05:30:00,M02,27.23,37.21,1903.3,47.13,1.814,21.2,Normal
2026-09-13 05:40:00,M03,25.23,34.01,1603.7,29.74,2.659,239.0,Normal
2026-09-13 05:50:00,M01,20.19,31.43,1519.0,46.07,2.76,215.4,Normal
2026-09-13 06:00:00,M03,24.26,34.6,1821.4,54.68,2.619,5.1,Normal
2026-09-13 06:10:00,M02,22.47,32.5,1736.2,39.7,2.259,206.1,Normal
2026-09-13 06:20:00,M03,31.51,40.05,1925.3,65.99,3.246,220.7,Normal
2026-09-13 06:30:00,M02,24.47,36.43,1784.0,22.76,2.551,84.9,Normal
2026-09-13 06:40:00,M01,25.37,36.37,1841.0,46.94,3.063,172.7,Normal
2026-09-13 06:50:00,M01,26.65,35.83,1475.3,51.67,1.081,106.1,Normal
2026-09-13 07:00:00,M01,25.13,36.63,2177.7,48.91,-0.638,157.3,Normal
2026-09-13 07:10:00,M02,30.09,39.34,1767.2,37.96,2.727,81.7,Normal
2026-09-13 07:20:00,M03,23.13,31.96,1939.5,37.1,1.36,77.4,Normal
2026-09-13 07:30:00,M01,25.58,34.44,1632.8,44.44,2.33,101.9,Normal
2026-09-13 07:40:00,M02,22.77,30.12,1861.6,48.16,2.258,34.9,Normal
2026-09-13 07:50:00,M03,21.04,31.75,1539.4,46.02,3.77,199.5,Normal
2026-09-13 08:00:00,M02,23.16,30.42,1890.4,50.4,2.82,83.7,Normal
2026-09-13 08:10:00,M02,24.89,33.05,1728.8,29.81,2.633,96.0,Normal
2026-09-13 08:20:00,M01,23.71,30.6,1805.8,37.72,3.17,214.6,Normal
2026-09-13 08:30:00,M02,22.92,32.79,1939.6,30.6,2.795,119.2,Normal
2026-09-13 08:40:00,M02,20.78,30.56,1553.5,36.14,2.134,130.6,Normal
2026-09-13 08:50:00,M03,24.75,34.26,1663.1,50.15,3.357,229.6,Normal
2026-09-13 09:00:00,M01,20.49,28.92,1891.5,41.08,1.612,212.8,Normal
2026-09-13 09:10:00,M02,27.28,35.52,2219.6,81.07,2.759,40.7,Overstrain
2026-09-13 09:20:00,M02,25.25,35.94,1772.4,41.93,1.262,113.6,Normal
2026-09-13 09:30:00,M03,20.63,29.8,1918.2,40.6,2.663,233.1,Normal
2026-09-13 09:40:00,M02,24.07,34.55,1778.6,41.06,2.654,89.4,Normal
2026-09-13 09:50:00,M02,22.74,31.42,2188.4,33.62,3.841,89.2,Normal
2026-09-13 10:00:00,M02,25.96,36.23,1450.6,39.42,1.248,46.8,Normal
2026-09-13 10:10:00,M02,29.02,40.98,1818.9,51.28,2.019,27.4,Normal
2026-09-13 10:20:00,M02,19.37,30.25,1474.9,41.14,3.158,177.7,Normal
2026-09-13 10:30:00,M03,25.35,34.73,1298.7,32.07,2.768,184.8,Normal
2026-09-13 10:40:00,M02,24.52,34.91,1859.5,30.75,2.644,232.6,Normal
2026-09-13 10:50:00,M02,27.01,36.65,1827.9,35.5,1.735,185.6,Normal
2026-09-13 11:00:00,M02,25.64,35.65,1743.0,40.74,2.027,58.4,Normal
2026-09-13 11:10:00,M02,22.74,32.26,1778.8,51.94,3.496,9.6,Normal
2026-09-13 11:20:00,M01,24.04,33.8,2419.7,26.6,2.459,236.5,Normal
2026-09-13 11:30:00,M01,22.61,32.93,1748.4,36.8,2.8,81.7,Normal
2026-09-13 11:40:00,M01,28.23,36.74,1902.0,41.44,2.408,74.9,Normal
2026-09-13 11:50:00,M01,25.06,33.54,1670.1,21.66,1.554,217.4,Normal
2026-09-13 12:00:00,M03,30.7,38.62,1859.0,31.66,3.247,140.4,Normal
2026-09-13 12:10:00,M01,24.82,32.42,1752.4,33.2,2.903,51.6,Normal
2026-09-13 12:20:00,M03,22.87,31.05,1717.9,32.04,8.64,213.4,Tool_Wear
2026-09-13 12:30:00,M01,20.46,30.7,2163.8,41.92,1.688,238.4,Normal
2026-09-13 12:40:00,M03,19.59,28.25,2035.4,38.39,3.158,20.8,Normal
2026-09-13 12:50:00,M01,20.25,31.02,1827.3,34.45,1.451,206.9,Normal
2026-09-13 13:00:00,M02,25.8,35.85,1339.2,44.28,2.626,93.7,Normal
2026-09-13 13:10:00,M01,26.53,33.57,1727.8,57.23,3.281,125.8,Normal
2026-09-13 13:20:00,M01,20.26,31.24,2340.6,56.39,0.842,219.6,Normal
2026-09-13 13:30:00,M01,27.69,38.9,1753.9,20.77,2.336,233.6,Normal
2026-09-13 13:40:00,M02,23.55,32.06,2020.6,45.77,2.049,62.9,Normal
2026-09-13 13:50:00,M03,25.44,36.07,2088.4,38.22,1.938,51.1,Normal
2026-09-13 14:00:00,M03,29.84,38.55,1843.8,41.55,2.808,19.3,Normal
2026-09-13 14:10:00,M02,27.69,37.84,1631.6,36.02,3.397,134.8,Normal
2026-09-13 14:20:00,M01,24.19,44.3,1312.9,41.18,2.393,3.3,Heat_Dissipation
2026-09-13 14:30:00,M01,22.33,29.64,1936.8,41.51,2.664,98.9,Normal
2026-09-13 14:40:00,M01,18.54,27.97,1637.0,34.21,2.591,17.6,Normal
2026-09-13 14:50:00,M03,22.84,32.66,1835.2,31.04,2.501,97.3,Normal
2026-09-13 15:00:00,M03,24.37,33.77,1550.0,35.51,1.629,9.6,Normal
2026-09-13 15:10:00,M02,22.04,30.26,1747.0,42.34,3.387,200.5,Normal
2026-09-13 15:20:00,M02,24.61,34.01,1806.7,45.99,2.736,50.3,Normal
2026-09-13 15:30:00,M03,25.23,35.63,1853.7,48.53,2.816,78.8,Normal
2026-09-13 15:40:00,M01,24.33,34.26,1577.0,35.06,1.855,208.8,Normal
2026-09-13 15:50:00,M01,23.05,33.32,2039.4,42.84,2.133,179.1,Normal
2026-09-13 16:00:00,M01,25.51,34.5,1680.6,49.63,2.359,52.6,Normal
2026-09-13 16:10:00,M01,26.33,38.08,1465.1,51.66,1.273,17.3,Normal
2026-09-13 16:20:00,M02,21.73,29.96,1778.2,39.41,1.15,171.8,Normal
2026-09-13 16:30:00,M02,29.23,39.96,1806.9,37.79,2.019,93.8,Normal
2026-09-13 16:40:00,M03,24.7,36.48,1832.1,41.91,2.918,183.9,Normal
2026-09-13 16:50:00,M02,25.06,35.78,2072.4,28.5,1.977,106.9,Normal
2026-09-13 17:00:00,M01,27.12,36.82,1752.7,38.06,1.685,83.0,Normal
2026-09-13 17:10:00,M03,25.7,34.91,1776.1,47.45,1.848,108.3,Normal
2026-09-13 17:20:00,M02,27.86,39.41,1579.4,46.42,2.136,179.7,Normal
2026-09-13 17:30:00,M02,25.86,33.73,1964.1,37.3,2.217,216.5,Normal
2026-09-13 17:40:00,M02,23.16,31.71,1836.9,42.18,4.232,11.9,Normal
2026-09-13 17:50:00,M02,26.08,35.49,1716.0,31.75,3.344,125.8,Normal
2026-09-13 18:00:00,M02,21.57,33.43,1419.1,47.03,3.32,7.9,Normal
2026-09-13 18:10:00,M01,25.33,35.9,2088.9,39.22,3.435,112.4,Normal
2026-09-13 18:20:00,M01,24.9,33.45,1554.5,37.24,1.701,212.5,Normal
2026-09-13 18:30:00,M01,24.38,33.91,1681.7,36.38,1.522,86.8,Normal
2026-09-13 18:40:00,M02,24.61,33.69,1871.7,39.37,1.615,223.8,Normal
2026-09-13 18:50:00,M03,19.35,28.29,1560.7,35.52,3.568,151.3,Normal
2026-09-13 19:00:00,M01,23.35,34.82,1501.3,46.58,2.062,224.2,Normal
2026-09-13 19:10:00,M01,25.28,45.22,1375.2,36.05,1.499,181.7,Heat_Dissipation
2026-09-13 19:20:00,M02,25.48,37.89,1944.2,55.93,2.155,24.8,Normal
2026-09-13 19:30:00,M03,21.92,33.16,1691.0,54.65,2.309,55.5,Normal
2026-09-13 19:40:00,M01,28.8,40.43,2385.5,31.08,2.715,94.6,Normal
2026-09-13 19:50:00,M01,22.4,31.71,1601.1,40.7,2.701,40.8,Normal
2026-09-13 20:00:00,M03,27.91,37.68,1615.7,33.49,1.837,118.8,Normal
2026-09-13 20:10:00,M02,26.28,34.13,1686.9,36.73,3.049,113.1,Normal
2026-09-13 20:20:00,M03,23.06,32.27,1848.6,60.02,1.989,229.5,Normal
2026-09-13 20:30:00,M02,30.33,41.07,1706.0,36.92,2.375,104.1,Normal
2026-09-13 20:40:00,M01,21.42,33.36,1922.5,43.6,3.049,188.6,Normal
2026-09-13 20:50:00,M03,27.76,36.1,1604.3,45.41,1.987,226.1,Normal
2026-09-13 21:00:00,M03,28.0,37.45,1523.7,29.99,2.045,210.5,Normal
2026-09-13 21:10:00,M01,22.99,32.76,1440.4,31.45,2.973,50.1,Normal
2026-09-13 21:20:00,M01,29.18,49.08,1355.3,27.94,1.814,119.0,Heat_Dissipation
2026-09-13 21:30:00,M02,24.25,35.14,1696.4,31.14,2.192,83.5,Normal
2026-09-13 21:40:00,M01,25.87,34.78,1739.8,11.5,2.945,96.0,Normal
2026-09-13 21:50:00,M01,25.78,35.49,1673.7,45.45,4.143,86.6,Normal
2026-09-13 22:00:00,M03,24.6,33.92,2048.7,60.54,2.984,198.3,Normal
2026-09-13 22:10:00,M02,27.43,36.25,2045.6,41.48,2.878,108.5,Normal
2026-09-13 22:20:00,M01,27.38,37.37,1733.0,25.84,2.925,125.7,Normal
2026-09-13 22:30:00,M03,19.75,29.43,1441.2,33.57,1.641,235.8,Normal
2026-09-13 22:40:00,M01,28.91,38.36,1686.7,35.41,2.592,14.4,Normal
2026-09-13 22:50:00,M01,20.01,28.92,1680.0,29.82,2.476,117.1,Normal
2026-09-13 23:00:00,M01,28.1,38.58,1668.6,48.6,2.757,185.8,Normal
2026-09-13 23:10:00,M01,28.38,40.86,1660.5,48.1,2.593,36.3,Normal
2026-09-13 23:20:00,M02,21.73,31.94,1669.3,28.45,2.804,146.8,Normal
2026-09-13 23:30:00,M03,23.77,35.26,1722.7,47.25,2.251,57.5,Normal
2026-09-13 23:40:00,M03,21.68,29.6,1672.9,55.27,2.547,208.2,Normal
2026-09-13 23:50:00,M01,24.36,34.59,1841.7,59.03,1.518,78.5,Normal
2026-09-14 00:00:00,M03,24.08,32.43,1872.1,68.65,2.244,79.0,Normal
2026-09-14 00:10:00,M01,27.34,35.12,1617.9,30.98,3.613,143.6,Normal
2026-09-14 00:20:00,M03,28.93,37.82,2054.2,68.24,2.755,44.1,Normal
2026-09-14 00:30:00,M02,29.19,40.97,1604.0,36.46,2.483,68.4,Normal
2026-09-14 00:40:00,M02,23.31,34.74,1476.4,34.08,4.017,100.0,Normal
2026-09-14 00:50:00,M03,24.37,34.74,1876.2,43.27,1.411,84.9,Normal
2026-09-14 01:00:00,M01,19.95,27.65,1636.5,34.18,1.612,126.0,Normal
2026-09-14 01:10:00,M01,22.58,32.29,1864.3,43.99,3.87,143.9,Normal
2026-09-14 01:20:00,M01,27.89,38.35,1319.3,26.8,2.537,136.0,Normal
2026-09-14 01:30:00,M01,29.85,40.11,2078.5,37.61,2.306,157.0,Normal
2026-09-14 01:40:00,M02,21.3,28.53,1934.5,52.86,1.541,73.9,Normal
2026-09-14 01:50:00,M01,23.22,31.89,1499.9,39.43,2.858,30.3,Normal
2026-09-14 02:00:00,M01,24.92,34.82,1504.2,41.42,2.936,182.6,Normal
2026-09-14 02:10:00,M01,25.84,36.64,2134.5,44.75,1.624,204.2,Normal
2026-09-14 02:20:00,M01,22.57,29.28,1652.5,51.71,2.388,61.7,Normal
2026-09-14 02:30:00,M02,26.27,36.03,1633.2,23.45,2.232,97.7,Normal
2026-09-14 02:40:00,M03,23.58,33.79,1346.8,45.85,2.705,119.7,Normal
2026-09-14 02:50:00,M03,24.96,36.23,1729.8,37.32,1.605,128.0,Normal
2026-09-14 03:00:00,M01,26.64,37.68,1754.5,41.67,3.502,158.3,Normal
2026-09-14 03:10:00,M01,25.02,35.89,1943.1,50.6,3.233,10.0,Normal
2026-09-14 03:20:00,M03,23.69,32.49,1520.2,28.06,2.209,173.2,Normal
2026-09-14 03:30:00,M02,24.67,43.81,1495.9,29.87,2.327,14.9,Heat_Dissipation
2026-09-14 03:40:00,M02,24.73,34.15,1890.2,20.65,2.391,112.4,Normal
2026-09-14 03:50:00,M02,23.89,35.39,2001.3,34.51,1.877,198.6,Normal
2026-09-14 04:00:00,M02,24.22,36.31,1485.8,53.3,2.145,108.3,Normal
2026-09-14 04:10:00,M02,29.8,40.86,2016.3,38.79,2.284,35.8,Normal
2026-09-14 04:20:00,M02,26.68,37.33,1807.5,26.6,3.79,236.4,Normal
2026-09-14 04:30:00,M02,24.11,34.68,2018.4,35.14,3.257,213.4,Normal
2026-09-14 04:40:00,M02,27.09,36.26,1786.0,25.12,3.248,185.1,Normal
2026-09-14 04:50:00,M02,24.0,33.8,1295.5,28.75,2.796,98.8,Normal
2026-09-14 05:00:00,M01,28.52,41.02,1769.6,43.89,1.606,44.1,Normal
2026-09-14 05:10:00,M02,26.11,34.7,2012.0,28.26,2.467,225.9,Normal
2026-09-14 05:20:00,M01,24.68,37.1,1621.3,51.13,3.276,127.8,Normal
2026-09-14 05:30:00,M03,26.34,35.86,1722.4,39.29,1.493,204.6,Normal
2026-09-14 05:40:00,M01,20.29,32.28,1764.8,40.86,3.009,82.1,Normal
2026-09-14 05:50:00,M03,21.62,41.51,1220.1,37.22,4.358,80.5,Heat_Dissipation
2026-09-14 06:00:00,M01,21.42,32.3,2134.3,47.73,3.349,236.5,Normal
2026-09-14 06:10:00,M03,25.43,34.32,1619.7,47.83,3.631,125.2,Normal
2026-09-14 06:20:00,M01,30.2,38.07,1901.1,43.35,2.675,33.8,Normal
2026-09-14 06:30:00,M01,31.69,42.02,1782.7,45.65,3.274,52.7,Normal
2026-09-14 06:40:00,M03,26.91,38.43,2051.5,37.88,1.926,115.7,Normal
2026-09-14 06:50:00,M02,26.5,35.24,1881.2,45.42,3.137,10.2,Normal
2026-09-14 07:00:00,M02,19.6,27.35,1753.0,36.62,3.024,111.0,Normal
2026-09-14 07:10:00,M02,23.37,33.23,1621.3,40.02,2.732,100.5,Normal
2026-09-14 07:20:00,M02,22.64,32.51,1959.6,37.25,3.553,187.0,Normal
2026-09-14 07:30:00,M02,23.14,33.96,1425.3,35.43,2.069,85.2,Normal
2026-09-14 07:40:00,M01,24.5,35.92,1929.2,33.11,2.35,235.8,Normal
2026-09-14 07:50:00,M02,23.58,33.49,1580.2,44.68,2.576,43.4,Normal
2026-09-14 08:00:00,M01,19.06,31.85,2050.5,53.11,1.676,141.8,Normal
2026-09-14 08:10:00,M03,27.24,37.58,1832.3,51.71,2.682,21.5,Normal
2026-09-14 08:20:00,M02,21.78,31.26,1928.8,27.43,1.125,176.1,Normal
2026-09-14 08:30:00,M02,25.72,33.3,1816.4,52.89,3.338,238.7,Normal
2026-09-14 08:40:00,M02,31.22,40.83,1449.5,36.82,2.537,196.6,Normal
2026-09-14 08:50:00,M02,22.24,31.74,1627.9,46.01,2.083,133.4,Normal
2026-09-14 09:00:00,M01,17.41,28.85,1934.5,30.94,1.833,116.3,Normal
2026-09-14 09:10:00,M01,24.14,34.84,1833.3,41.42,2.312,200.4,Normal
2026-09-14 09:20:00,M01,28.3,36.53,2036.2,43.14,3.051,224.6,Normal
2026-09-14 09:30:00,M03,30.88,41.13,1880.7,25.15,2.938,237.4,Normal
2026-09-14 09:40:00,M01,21.31,32.32,1606.7,46.08,1.936,95.2,Normal
2026-09-14 09:50:00,M02,26.49,38.78,1640.8,53.46,1.823,237.8,Normal
2026-09-14 10:00:00,M03,23.6,34.94,1820.6,38.25,3.026,37.4,Normal
2026-09-14 10:10:00,M03,24.68,35.82,1337.2,53.6,1.922,60.9,Normal
2026-09-14 10:20:00,M02,32.93,43.02,2134.7,38.1,2.548,21.4,Normal
2026-09-14 10:30:00,M02,20.49,31.07,1888.3,48.5,2.599,65.2,Normal
2026-09-14 10:40:00,M02,25.76,37.64,2045.4,17.81,2.75,184.3,Normal
2026-09-14 10:50:00,M02,26.4,46.4,1483.9,64.19,3.187,204.7,Heat_Dissipation
2026-09-14 11:00:00,M01,28.26,37.73,2048.9,54.95,1.49,186.9,Normal
2026-09-14 11:10:00,M03,25.29,34.14,2246.3,37.15,0.971,151.5,Normal
2026-09-14 11:20:00,M02,25.92,36.49,1535.8,20.28,2.046,123.4,Normal
2026-09-14 11:30:00,M01,23.83,35.67,1954.3,42.88,3.941,170.1,Normal
2026-09-14 11:40:00,M02,25.81,34.91,1800.2,25.56,4.118,93.8,Normal
2026-09-14 11:50:00,M01,23.97,42.38,1491.1,44.45,3.965,201.9,Heat_Dissipation
2026-09-14 12:00:00,M02,26.86,36.25,1898.6,44.12,2.346,162.5,Normal
2026-09-14 12:10:00,M02,23.89,35.26,1966.7,30.59,1.074,167.5,Normal
2026-09-14 12:20:00,M02,26.13,36.94,1679.8,51.21,0.626,128.6,Normal
2026-09-14 12:30:00,M01,24.91,35.55,2033.2,48.06,2.009,212.5,Normal
2026-09-14 12:40:00,M02,28.38,37.96,1466.6,49.76,2.342,60.5,Normal
2026-09-14 12:50:00,M01,24.85,32.93,1501.0,40.09,3.541,91.5,Normal
2026-09-14 13:00:00,M01,19.68,30.45,1827.3,25.84,3.194,186.6,Normal
2026-09-14 13:10:00,M03,28.79,37.53,1805.1,49.78,2.682,118.3,Normal
2026-09-14 13:20:00,M01,22.28,35.56,1656.7,37.3,1.788,213.4,Normal
2026-09-14 13:30:00,M01,23.04,33.89,1961.9,26.1,1.731,83.1,Normal
2026-09-14 13:40:00,M01,23.21,32.34,1906.2,53.52,2.703,88.6,Normal
2026-09-14 13:50:00,M01,29.12,38.21,1971.6,60.99,3.058,213.3,Normal
2026-09-14 14:00:00,M01,18.59,28.45,1775.4,39.59,2.814,111.4,Normal
2026-09-14 14:10:00,M03,34.41,44.05,1920.5,61.59,1.672,123.9,Normal
2026-09-14 14:20:00,M02,28.17,39.84,1710.9,40.91,3.021,79.9,Normal
2026-09-14 14:30:00,M03,25.67,35.95,2210.8,36.2,2.841,66.4,Normal
2026-09-14 14:40:00,M03,24.84,33.74,1637.5,33.7,1.643,157.4,Normal
2026-09-14 14:50:00,M02,25.86,38.69,2221.1,56.37,1.873,28.8,Normal
2026-09-14 15:00:00,M01,26.56,36.64,1807.0,32.2,3.051,211.0,Normal
2026-09-14 15:10:00,M02,26.94,38.09,1524.9,47.35,2.312,187.0,Normal
2026-09-14 15:20:00,M01,26.67,35.75,2073.6,34.41,3.771,45.8,Normal
2026-09-14 15:30:00,M02,25.27,35.81,1825.2,35.4,2.901,166.6,Normal
2026-09-14 15:40:00,M03,24.41,34.87,1970.2,50.3,2.111,144.6,Normal
2026-09-14 15:50:00,M01,24.55,31.71,2044.8,36.2,2.492,44.3,Normal
2026-09-14 16:00:00,M03,24.42,37.44,1867.6,35.95,2.551,65.6,Normal
2026-09-14 16:10:00,M01,28.4,40.34,1681.6,51.33,1.917,98.2,Normal
2026-09-14 16:20:00,M02,26.78,36.18,1995.1,55.97,1.77,167.8,Normal
2026-09-14 16:30:00,M02,16.18,24.53,1800.2,46.45,3.061,153.3,Normal
2026-09-14 16:40:00,M02,26.97,37.49,1937.2,33.45,3.176,127.7,Normal
2026-09-14 16:50:00,M02,25.58,35.71,1369.3,34.89,2.983,184.4,Normal
2026-09-14 17:00:00,M02,24.94,35.48,1889.4,40.8,3.712,181.9,Normal
2026-09-14 17:10:00,M03,23.83,34.12,1672.3,43.21,2.067,148.3,Normal
2026-09-14 17:20:00,M03,28.37,39.13,2130.7,30.12,3.839,188.9,Normal
2026-09-14 17:30:00,M01,27.84,40.01,1924.6,47.23,1.779,80.2,Normal
2026-09-14 17:40:00,M03,22.68,33.53,1848.0,40.86,1.69,211.5,Normal
2026-09-14 17:50:00,M01,26.22,34.65,1897.3,22.84,1.092,147.6,Normal
2026-09-14 18:00:00,M01,22.09,34.13,1600.3,30.71,2.143,197.4,Normal
2026-09-14 18:10:00,M03,20.86,33.32,2124.7,34.96,2.097,131.1,Normal
2026-09-14 18:20:00,M03,23.12,37.85,2198.3,39.27,2.921,52.4,Normal
2026-09-14 18:30:00,M01,27.59,35.9,1878.6,58.89,2.695,130.2,Normal
2026-09-14 18:40:00,M03,27.86,38.22,2118.1,42.38,1.546,89.1,Normal
2026-09-14 18:50:00,M03,26.54,33.42,1686.2,31.59,2.186,167.4,Normal
2026-09-14 19:00:00,M03,27.18,38.01,1640.6,42.21,2.203,114.2,Normal
2026-09-14 19:10:00,M02,26.55,35.73,1808.2,36.48,1.079,200.7,Normal
2026-09-14 19:20:00,M02,23.08,35.96,1887.0,43.25,1.715,162.7,Normal
2026-09-14 19:30:00,M01,26.3,35.13,1721.2,45.81,1.883,164.3,Normal
2026-09-14 19:40:00,M03,27.4,34.87,1907.6,52.09,3.647,52.1,Normal
2026-09-14 19:50:00,M01,27.26,36.56,1861.3,39.76,2.653,236.2,Normal
2026-09-14 20:00:00,M03,28.57,35.6,1600.3,56.39,3.03,202.0,Normal
2026-09-14 20:10:00,M02,27.12,38.25,1903.8,49.08,1.301,189.4,Normal
2026-09-14 20:20:00,M03,26.05,32.96,1972.7,32.93,3.455,79.3,Normal
2026-09-14 20:30:00,M03,28.21,38.25,1834.3,62.1,3.541,128.6,Normal
2026-09-14 20:40:00,M03,24.92,31.8,2030.5,43.27,0.901,32.9,Normal
2026-09-14 20:50:00,M02,22.35,31.87,1556.5,31.65,1.936,129.2,Normal
2026-09-14 21:00:00,M02,24.51,36.98,1893.6,56.53,2.897,35.0,Normal
2026-09-14 21:10:00,M02,22.77,33.31,1565.9,60.78,3.016,132.7,Normal
